Item,ALDI,African Market,Albertsons,Asian Supermarket,Best Stop,Big Lots,Bravitos Market,Brother's Food Mart,Burlington,Butcher Boy,Carter's,Chevron,Circle K,Cracker Barrel Convenience Store,Dillard's,Dollar General,Dollar General Market,Dollar Tree,Easyshop,Express One Stop,Exxon,Family Dollar,Farmer's & Artist's Market,Fast Lane,Five Below,Greyhound Shop,Hebert's Super Market,Heberts,Hi Nabor Supermarket,Ideal Market,JCPenney,Jeff's Grocery,Jett's Food Market,Kangaroo Express,L A Express Food Store,Leblanc's Payless,MJ's Food Mart,Macy's,Marshalls,Matherne's,Miller's Mart,Ollie's Bargain Outlet,On the Run,Our Daily Bread,Pack A Pack #2,Piggly Wiggly,Pinay Gigi Filipino Store,Plank Market & Deli,Popingo's,Red Stick Farmers Market,Red Stick Spice Co.,Rees Street Market,River Place,Ross,Rouse's Market,Rouses,Rouses Market,Sears,Shoppers Value,SoSis Boutique,Sprouts Farmers Market,Super 1 Foods,Super II Foods,T & H Superette,Target,Tiger Fuel Mart,Tony's Seafood,Trader Joe's,Two Brother's Grocery,Walmart,Walmart Neighborhood Market,Walmart Supercenter,Whole Foods Market,Winn-Dixie,convenience at Juban Road,convenience at this location,supermarket at this location
apple juice,$2.31,$2.57,$2.40,$2.16,$2.47,$2.01,$2.56,$2.67,$2.00,$2.06,$2.83,$2.56,$2.25,$2.60,$2.47,$2.85,$2.99,$2.02,$2.15,$2.64,$2.84,$2.44,$2.65,$2.16,$2.30,$2.22,$2.11,$2.17,$2.14,$2.64,$2.86,$2.70,$2.72,$2.22,$2.60,$2.53,$2.49,$2.90,$2.70,$2.57,$2.27,$2.77,$2.62,$2.96,$2.62,$2.27,$2.05,$2.75,$2.35,$2.68,$2.50,$2.51,$2.74,$2.79,$2.18,$2.43,$2.76,$2.85,$2.26,$2.14,$2.05,$2.96,$2.10,$2.14,$2.90,$2.03,$2.67,$2.27,$2.25,$2.58,$2.21,$2.38,$2.97,$2.54,$2.18,$2.22,$2.80
apples,$2.50,$2.26,$2.45,$2.90,$2.96,$2.42,$2.61,$2.28,$2.00,$2.87,$2.75,$2.22,$2.35,$2.75,$2.35,$2.70,$2.73,$2.42,$2.73,$2.80,$2.21,$2.20,$2.26,$2.36,$2.98,$2.68,$2.75,$2.24,$2.01,$2.79,$2.72,$2.17,$2.32,$2.23,$2.10,$2.52,$2.78,$2.44,$2.65,$2.19,$2.06,$2.84,$2.02,$2.58,$2.94,$2.98,$2.99,$2.91,$2.18,$2.77,$2.95,$2.38,$2.16,$2.92,$2.50,$2.35,$2.73,$2.49,$2.93,$2.23,$2.74,$2.14,$2.48,$2.89,$2.33,$2.39,$2.05,$2.18,$2.25,$2.72,$2.66,$2.66,$2.75,$2.96,$2.47,$2.37,$2.95
avocado,$2.89,$2.80,$2.78,$2.45,$2.80,$2.73,$2.29,$2.77,$2.44,$2.73,$2.24,$2.55,$2.98,$2.88,$2.90,$2.75,$2.16,$2.97,$2.28,$2.41,$2.86,$2.93,$2.83,$2.13,$2.17,$2.86,$2.16,$2.08,$2.99,$2.61,$2.93,$2.50,$2.46,$2.84,$2.29,$2.01,$2.78,$2.07,$2.80,$2.75,$2.60,$2.89,$2.96,$2.78,$2.45,$2.84,$2.91,$2.88,$2.79,$2.97,$2.65,$2.76,$2.59,$2.01,$2.64,$2.26,$2.58,$2.88,$2.90,$2.49,$2.51,$2.31,$2.56,$2.85,$2.06,$2.61,$2.23,$2.47,$2.15,$2.74,$2.59,$2.33,$2.57,$2.25,$2.68,$2.62,$2.24
bacon,$2.10,$2.55,$2.82,$2.17,$2.30,$2.40,$2.47,$2.93,$2.02,$2.70,$2.82,$2.16,$2.60,$2.04,$2.53,$2.67,$2.32,$2.01,$2.21,$2.16,$2.98,$2.33,$2.15,$2.83,$2.13,$2.59,$2.95,$2.40,$2.05,$2.78,$2.82,$2.67,$2.88,$2.27,$2.24,$2.21,$2.11,$2.76,$2.00,$2.11,$2.45,$2.81,$2.14,$2.58,$2.69,$2.63,$2.92,$2.12,$2.08,$2.23,$2.33,$2.71,$2.82,$2.93,$2.75,$2.25,$2.87,$2.97,$2.71,$2.57,$2.73,$2.74,$2.47,$2.37,$2.69,$2.49,$2.93,$2.38,$2.95,$2.23,$2.48,$2.21,$2.91,$2.45,$2.81,$2.62,$2.47
bananas,$2.42,$2.29,$2.51,$2.56,$2.42,$2.97,$2.57,$2.12,$2.24,$2.82,$2.83,$2.14,$2.80,$2.44,$2.12,$2.36,$2.34,$2.59,$2.41,$2.61,$2.51,$2.71,$2.81,$2.85,$2.11,$2.95,$2.29,$2.47,$2.48,$2.34,$2.56,$2.71,$2.29,$2.32,$2.87,$2.72,$2.11,$2.04,$2.91,$2.57,$2.22,$2.08,$2.56,$2.10,$2.24,$2.14,$2.78,$2.55,$2.58,$2.99,$2.52,$2.49,$2.07,$2.83,$2.46,$2.59,$2.32,$2.05,$2.54,$2.80,$2.56,$2.58,$2.67,$2.19,$2.12,$2.69,$2.63,$2.20,$2.79,$2.78,$2.66,$2.39,$2.90,$2.18,$2.28,$2.02,$2.50
bread,$2.89,$2.15,$2.51,$2.64,$2.12,$2.75,$2.42,$2.79,$2.57,$2.31,$2.93,$2.68,$2.64,$2.03,$2.41,$2.25,$2.22,$2.27,$2.93,$2.84,$2.02,$2.25,$2.17,$2.05,$2.96,$2.23,$2.14,$2.13,$2.19,$2.09,$2.65,$2.52,$2.53,$2.70,$2.48,$2.01,$2.93,$2.65,$2.88,$2.87,$2.60,$2.22,$2.57,$2.46,$2.62,$2.94,$2.04,$2.25,$2.65,$2.75,$2.66,$2.34,$2.14,$2.86,$2.52,$2.71,$2.79,$2.99,$2.79,$2.64,$2.56,$2.76,$2.26,$2.45,$2.72,$2.87,$2.42,$2.38,$2.88,$2.00,$2.60,$2.79,$2.48,$2.65,$2.61,$2.76,$2.49
broccoli,$2.97,$2.89,$2.08,$2.31,$2.16,$2.93,$2.75,$2.31,$2.41,$2.72,$2.10,$2.19,$2.66,$2.17,$2.14,$2.67,$2.77,$2.44,$2.75,$2.61,$2.78,$2.84,$2.79,$2.91,$2.91,$2.36,$2.86,$2.11,$2.72,$2.66,$2.62,$2.70,$2.20,$2.56,$2.06,$2.04,$2.39,$2.08,$2.11,$2.93,$2.68,$2.88,$2.14,$2.24,$2.80,$2.06,$2.30,$2.30,$2.93,$2.00,$2.89,$2.81,$2.40,$2.95,$2.88,$2.50,$2.65,$2.62,$2.55,$2.21,$2.44,$2.69,$2.09,$2.76,$2.25,$2.76,$2.80,$2.11,$2.85,$2.40,$2.56,$2.28,$2.30,$2.26,$2.18,$2.84,$2.89
butter,$2.06,$2.36,$2.03,$2.17,$2.08,$2.30,$2.21,$2.86,$2.66,$2.76,$2.43,$2.91,$2.44,$2.00,$2.47,$2.97,$2.38,$2.01,$2.39,$2.18,$2.85,$2.04,$2.47,$2.91,$2.55,$2.25,$2.11,$2.77,$2.76,$2.77,$2.15,$2.89,$2.34,$2.53,$2.11,$2.20,$2.18,$2.20,$2.22,$2.69,$2.33,$2.04,$2.67,$2.44,$2.96,$2.23,$2.11,$2.47,$2.26,$2.34,$2.67,$2.25,$2.55,$2.58,$2.12,$2.05,$2.57,$2.47,$2.51,$2.41,$2.22,$2.64,$2.51,$2.11,$2.32,$2.91,$2.08,$2.67,$2.46,$2.62,$2.78,$2.00,$2.41,$2.47,$2.33,$2.91,$2.35
canned beans,$2.56,$2.38,$2.80,$2.51,$2.81,$2.07,$2.20,$2.46,$2.41,$2.25,$2.40,$2.90,$2.78,$2.62,$2.33,$2.24,$2.30,$2.63,$2.98,$2.93,$2.18,$2.63,$2.43,$2.94,$2.53,$2.53,$2.71,$2.12,$2.76,$2.41,$2.79,$2.84,$2.88,$2.43,$2.18,$2.92,$2.20,$2.00,$2.22,$2.14,$2.37,$2.94,$2.25,$2.63,$2.36,$2.53,$2.98,$2.03,$2.71,$2.65,$2.84,$2.65,$2.83,$2.57,$2.23,$2.23,$2.36,$2.21,$2.63,$2.27,$2.21,$2.57,$2.98,$2.72,$2.90,$2.69,$2.91,$2.95,$2.00,$2.75,$2.67,$2.56,$2.20,$2.38,$2.36,$2.92,$2.29
canned soup,$2.52,$2.70,$2.55,$2.43,$2.36,$2.27,$2.08,$2.06,$2.52,$2.78,$2.54,$2.59,$2.20,$2.64,$2.86,$2.43,$2.78,$2.33,$2.47,$2.72,$2.14,$2.53,$2.13,$2.01,$2.91,$2.72,$2.61,$2.21,$2.71,$2.88,$2.64,$2.01,$2.75,$2.45,$2.19,$2.15,$2.04,$2.04,$2.19,$2.83,$2.26,$2.23,$2.94,$2.54,$2.83,$2.59,$2.82,$2.35,$2.41,$2.93,$2.51,$2.19,$2.34,$2.59,$2.19,$2.35,$2.26,$2.46,$2.17,$2.34,$2.59,$2.14,$2.27,$2.56,$2.21,$2.24,$2.55,$2.93,$2.32,$2.10,$2.34,$2.35,$2.54,$2.48,$2.48,$2.21,$2.08
canned tuna,$2.42,$2.42,$2.71,$2.48,$2.25,$2.88,$2.15,$2.47,$2.90,$2.42,$2.27,$2.87,$2.26,$2.56,$2.37,$2.08,$2.25,$2.00,$2.30,$2.64,$2.19,$2.13,$2.93,$2.02,$2.32,$2.94,$2.19,$2.92,$2.10,$2.16,$2.02,$2.94,$2.75,$2.61,$2.66,$2.63,$2.73,$2.45,$2.58,$2.56,$2.21,$2.02,$2.22,$2.73,$2.03,$2.61,$2.98,$2.86,$2.31,$2.13,$2.17,$2.96,$2.97,$2.96,$2.10,$2.21,$2.30,$2.37,$2.05,$2.46,$2.06,$2.85,$2.42,$2.62,$2.13,$2.69,$2.34,$2.21,$2.87,$2.47,$2.00,$2.86,$2.76,$2.70,$2.71,$2.85,$2.92
carrots,$2.96,$2.88,$2.11,$2.74,$2.32,$2.81,$2.12,$2.32,$2.26,$2.57,$2.78,$2.13,$2.29,$2.92,$2.47,$2.75,$2.67,$2.47,$2.74,$2.51,$2.56,$2.10,$2.25,$2.58,$2.97,$2.59,$2.83,$2.15,$2.99,$2.73,$2.91,$2.55,$2.32,$2.18,$2.25,$2.81,$2.58,$2.97,$2.29,$2.25,$2.36,$2.80,$2.44,$2.13,$2.57,$2.18,$2.83,$2.49,$2.31,$2.72,$2.56,$2.99,$2.59,$2.35,$2.73,$2.74,$2.09,$2.18,$2.62,$2.34,$2.21,$2.71,$2.72,$2.78,$2.21,$2.41,$2.61,$2.68,$2.42,$2.63,$2.64,$2.96,$2.34,$2.21,$2.40,$2.08,$2.22
cereal,$2.44,$2.72,$2.88,$2.36,$2.64,$2.46,$2.03,$2.11,$2.75,$2.04,$2.55,$2.89,$2.11,$2.50,$2.98,$2.46,$2.93,$2.25,$2.45,$2.66,$2.34,$2.12,$2.64,$2.29,$2.30,$2.92,$2.19,$2.98,$2.80,$2.60,$2.46,$2.95,$2.48,$2.16,$2.46,$2.08,$2.64,$2.01,$2.91,$2.43,$2.60,$2.66,$2.65,$2.13,$2.91,$2.64,$2.89,$2.46,$2.31,$2.05,$2.63,$2.91,$2.45,$2.31,$2.12,$2.19,$2.68,$2.98,$2.76,$2.85,$2.22,$2.39,$2.18,$2.67,$2.52,$2.90,$2.62,$2.47,$2.06,$2.06,$2.23,$2.73,$2.66,$2.17,$2.29,$2.03,$2.11
cheese,$2.21,$2.55,$2.86,$2.44,$2.06,$2.75,$2.93,$2.63,$2.20,$2.85,$2.36,$2.71,$2.56,$2.11,$2.94,$2.25,$2.76,$2.01,$2.59,$2.80,$2.01,$2.25,$2.83,$2.51,$2.18,$2.61,$2.74,$2.16,$2.24,$2.49,$2.38,$2.21,$2.14,$2.64,$2.54,$2.32,$2.07,$2.31,$2.09,$2.78,$2.00,$2.13,$2.62,$2.04,$2.37,$2.35,$2.34,$2.03,$2.54,$2.53,$2.67,$2.37,$2.60,$2.41,$2.60,$2.05,$2.61,$2.60,$2.03,$2.54,$2.57,$2.45,$2.16,$2.92,$2.84,$2.09,$2.05,$2.88,$2.88,$2.57,$2.70,$2.73,$2.02,$2.35,$2.57,$2.24,$2.98
chicken breast,$2.22,$2.73,$2.53,$2.27,$2.15,$2.16,$2.94,$2.26,$2.22,$2.76,$2.64,$2.41,$2.07,$2.08,$2.59,$2.38,$2.53,$2.58,$2.65,$2.01,$2.67,$2.94,$2.34,$2.43,$2.05,$2.91,$2.25,$2.50,$2.43,$2.95,$2.32,$2.98,$2.04,$2.44,$2.87,$2.58,$2.13,$2.95,$2.44,$2.55,$2.28,$2.49,$2.92,$2.43,$2.31,$2.70,$2.43,$2.81,$2.22,$2.42,$2.44,$2.54,$2.97,$2.33,$2.30,$2.61,$2.82,$2.91,$2.32,$2.76,$2.47,$2.23,$2.61,$2.04,$2.02,$2.74,$2.90,$2.34,$2.64,$2.03,$2.45,$2.37,$2.42,$2.00,$2.86,$2.67,$2.58
chips,$2.99,$2.38,$2.74,$2.46,$2.43,$2.40,$2.98,$2.23,$2.14,$2.28,$2.20,$2.01,$2.13,$2.38,$2.02,$2.76,$2.75,$2.07,$2.77,$2.69,$2.97,$2.15,$2.72,$2.97,$2.18,$2.73,$2.54,$2.95,$2.48,$2.39,$2.00,$2.43,$2.06,$2.07,$2.91,$2.27,$2.24,$2.42,$2.52,$2.79,$2.85,$2.53,$2.99,$2.61,$2.58,$2.85,$2.08,$2.65,$2.57,$2.49,$2.69,$2.24,$2.86,$2.87,$2.88,$2.37,$2.96,$2.38,$2.56,$2.34,$2.51,$2.06,$2.91,$2.05,$2.71,$2.87,$2.33,$2.31,$2.52,$2.53,$2.32,$2.95,$2.20,$2.23,$2.92,$2.84,$2.82
coffee,$2.59,$2.35,$2.28,$2.52,$2.97,$2.44,$2.34,$2.22,$2.86,$2.53,$2.62,$2.50,$2.38,$2.91,$2.84,$2.71,$2.17,$2.55,$2.36,$2.36,$2.73,$2.48,$2.59,$2.04,$2.94,$2.34,$2.56,$2.79,$2.08,$2.47,$2.38,$2.05,$2.78,$2.46,$2.19,$2.69,$2.13,$2.37,$2.46,$2.56,$2.23,$2.10,$2.08,$2.95,$2.11,$2.89,$2.57,$2.40,$2.37,$2.51,$2.05,$2.21,$2.00,$2.19,$2.97,$2.30,$2.47,$2.40,$2.79,$2.16,$2.04,$2.62,$2.30,$2.29,$2.65,$2.01,$2.31,$2.95,$2.62,$2.29,$2.27,$2.36,$2.11,$2.74,$2.72,$2.07,$2.16
cookies,$2.87,$2.68,$2.03,$2.17,$2.88,$2.01,$2.20,$2.12,$2.77,$2.75,$2.67,$2.19,$2.66,$2.95,$2.75,$2.35,$2.67,$2.77,$2.46,$2.50,$2.16,$2.61,$2.98,$2.37,$2.51,$2.36,$2.91,$2.75,$2.43,$2.46,$2.46,$2.69,$2.91,$2.11,$2.44,$2.17,$2.56,$2.76,$2.96,$2.23,$2.30,$2.79,$2.23,$2.27,$2.42,$2.79,$2.94,$2.03,$2.84,$2.68,$2.56,$2.72,$2.78,$2.98,$2.01,$2.54,$2.44,$2.60,$2.94,$2.26,$2.42,$2.95,$2.26,$2.89,$2.15,$2.37,$2.50,$2.02,$2.67,$2.51,$2.47,$2.29,$2.11,$2.49,$2.61,$2.75,$2.10
crackers,$2.94,$2.08,$2.05,$2.47,$2.76,$2.44,$2.34,$2.05,$2.34,$2.30,$2.98,$2.85,$2.18,$2.06,$2.10,$2.19,$2.43,$2.47,$2.02,$2.55,$2.03,$2.73,$2.65,$2.69,$2.24,$2.18,$2.45,$2.74,$2.64,$2.52,$2.97,$2.18,$2.59,$2.24,$2.57,$2.15,$2.49,$2.20,$2.91,$2.70,$2.28,$2.20,$2.80,$2.67,$2.51,$2.55,$2.65,$2.70,$2.46,$2.98,$2.61,$2.51,$2.00,$2.10,$2.65,$2.41,$2.62,$2.88,$2.63,$2.11,$2.05,$2.61,$2.57,$2.55,$2.69,$2.08,$2.90,$2.30,$2.84,$2.98,$2.36,$2.81,$2.40,$2.43,$2.28,$2.94,$2.43
eggs,$2.32,$2.99,$2.84,$2.56,$2.81,$2.48,$2.21,$2.88,$2.17,$2.94,$2.04,$2.66,$2.15,$2.45,$2.82,$2.08,$2.47,$2.14,$2.71,$2.44,$2.13,$2.81,$2.12,$2.15,$2.80,$2.40,$2.33,$2.61,$2.40,$2.11,$2.25,$2.11,$2.49,$2.43,$2.93,$2.79,$2.54,$2.72,$2.50,$2.96,$2.19,$2.25,$2.13,$2.32,$2.02,$2.50,$2.35,$2.25,$2.09,$2.20,$2.65,$2.54,$2.51,$2.41,$2.41,$2.63,$2.63,$2.32,$2.51,$2.43,$2.63,$2.42,$2.37,$2.25,$2.26,$2.43,$2.27,$2.01,$2.82,$2.05,$2.22,$2.96,$2.34,$2.62,$2.92,$2.22,$2.10
flour,$2.31,$2.63,$2.68,$2.42,$2.08,$2.32,$2.48,$2.58,$2.75,$2.66,$2.50,$2.10,$2.36,$2.85,$2.43,$2.65,$2.04,$2.16,$2.02,$2.75,$2.31,$2.82,$2.35,$2.97,$2.74,$2.49,$2.85,$2.33,$2.95,$2.38,$2.69,$2.53,$2.91,$2.87,$2.40,$2.95,$2.22,$2.31,$2.94,$2.86,$2.40,$2.12,$2.27,$2.31,$2.31,$2.57,$2.34,$2.25,$2.82,$2.97,$2.64,$2.24,$2.53,$2.22,$2.95,$2.79,$2.19,$2.40,$2.25,$2.43,$2.98,$2.50,$2.22,$2.03,$2.43,$2.22,$2.79,$2.67,$2.39,$2.54,$2.11,$2.62,$2.25,$2.31,$2.86,$2.20,$2.93
frozen pizza,$2.92,$2.96,$2.59,$2.00,$2.72,$2.11,$2.60,$2.43,$2.76,$2.82,$2.78,$2.15,$2.13,$2.61,$2.54,$2.42,$2.12,$2.44,$2.87,$2.83,$2.73,$2.38,$2.16,$2.32,$2.37,$2.90,$2.14,$2.43,$2.51,$2.51,$2.37,$2.07,$2.53,$2.91,$2.13,$2.13,$2.80,$2.37,$2.79,$2.26,$2.62,$2.31,$2.21,$2.06,$2.59,$2.46,$2.56,$2.73,$2.15,$2.57,$2.08,$2.51,$2.88,$2.77,$2.94,$2.48,$2.22,$2.44,$2.77,$2.79,$2.43,$2.82,$2.75,$2.43,$2.27,$2.41,$2.24,$2.07,$2.86,$2.40,$2.64,$2.49,$2.80,$2.20,$2.02,$2.57,$2.39
frozen vegetables,$2.00,$2.30,$2.96,$2.89,$2.53,$2.61,$2.79,$2.38,$2.68,$2.32,$2.44,$2.04,$2.73,$2.30,$2.61,$2.17,$2.97,$2.24,$2.05,$2.84,$2.43,$2.92,$2.86,$2.13,$2.05,$2.16,$2.16,$2.19,$2.27,$2.09,$2.82,$2.08,$2.54,$2.02,$2.16,$2.15,$2.71,$2.95,$2.21,$2.39,$2.53,$2.28,$2.94,$2.67,$2.94,$2.10,$2.65,$2.62,$2.00,$2.91,$2.38,$2.75,$2.97,$2.80,$2.49,$2.25,$2.98,$2.72,$2.22,$2.81,$2.83,$2.05,$2.98,$2.05,$2.96,$2.34,$2.16,$2.76,$2.13,$2.37,$2.10,$2.63,$2.80,$2.90,$2.12,$2.60,$2.80
granola bars,$2.68,$2.28,$2.87,$2.09,$2.83,$2.28,$2.16,$2.46,$2.71,$2.94,$2.25,$2.91,$2.55,$2.05,$2.90,$2.34,$2.02,$2.21,$2.63,$2.02,$2.17,$2.79,$2.90,$2.09,$2.11,$2.50,$2.52,$2.04,$2.26,$2.30,$2.71,$2.46,$2.48,$2.04,$2.56,$2.86,$2.66,$2.90,$2.90,$2.79,$2.85,$2.29,$2.98,$2.21,$2.91,$2.96,$2.50,$2.94,$2.51,$2.41,$2.21,$2.26,$2.55,$2.24,$2.84,$2.23,$2.35,$2.64,$2.64,$2.50,$2.63,$2.20,$2.11,$2.52,$2.79,$2.41,$2.19,$2.00,$2.10,$2.93,$2.56,$2.33,$2.10,$2.34,$2.97,$2.55,$2.42
ground beef,$2.70,$2.73,$2.02,$2.78,$2.21,$2.67,$2.13,$2.40,$2.00,$2.06,$2.33,$2.27,$2.38,$2.57,$2.63,$2.58,$2.36,$2.09,$2.55,$2.06,$2.97,$2.18,$2.36,$2.04,$2.25,$2.63,$2.67,$2.44,$2.98,$2.18,$2.40,$2.29,$2.91,$2.26,$2.00,$2.71,$2.98,$2.56,$2.27,$2.56,$2.35,$2.19,$2.48,$2.00,$2.43,$2.36,$2.34,$2.05,$2.41,$2.77,$2.44,$2.13,$2.43,$2.41,$2.68,$2.61,$2.27,$2.79,$2.66,$2.30,$2.03,$2.52,$2.24,$2.10,$2.54,$2.21,$2.40,$2.70,$2.86,$2.61,$2.96,$2.56,$2.38,$2.54,$2.91,$2.94,$2.78
heavy cream,$2.77,$2.68,$2.79,$2.62,$2.62,$2.67,$2.99,$2.41,$2.66,$2.85,$2.60,$2.23,$2.92,$2.85,$2.44,$2.84,$2.98,$2.50,$2.69,$2.17,$2.56,$2.53,$2.36,$2.62,$2.52,$2.66,$2.24,$2.41,$2.43,$2.50,$2.42,$2.19,$2.61,$2.30,$2.36,$2.87,$2.35,$2.49,$2.09,$2.07,$2.05,$2.72,$2.85,$2.72,$2.24,$2.97,$2.68,$2.69,$2.90,$2.17,$2.06,$2.56,$2.05,$2.76,$2.87,$2.82,$2.91,$2.97,$2.24,$2.64,$2.65,$2.70,$2.98,$2.97,$2.92,$2.65,$2.86,$2.52,$2.63,$2.71,$2.84,$2.04,$2.00,$2.65,$2.98,$2.35,$2.20
hot sauce,$2.71,$2.92,$2.25,$2.13,$2.49,$2.68,$2.37,$2.67,$2.28,$2.14,$2.41,$2.78,$2.42,$2.82,$2.54,$2.46,$2.70,$2.30,$2.99,$2.37,$2.36,$2.81,$2.27,$2.63,$2.67,$2.33,$2.45,$2.43,$2.74,$2.20,$2.61,$2.68,$2.43,$2.15,$2.11,$2.56,$2.93,$2.59,$2.97,$2.54,$2.07,$2.90,$2.18,$2.90,$2.56,$2.34,$2.79,$2.66,$2.35,$2.45,$2.16,$2.57,$2.77,$2.49,$2.64,$2.27,$2.02,$2.79,$2.68,$2.87,$2.16,$2.41,$2.38,$2.95,$2.44,$2.86,$2.63,$2.03,$2.37,$2.58,$2.83,$2.54,$2.05,$2.42,$2.22,$2.61,$2.17
ice cream,$2.65,$2.97,$2.24,$2.50,$2.46,$2.90,$2.68,$2.12,$2.32,$2.53,$2.06,$2.30,$2.70,$2.49,$2.35,$2.94,$2.53,$2.95,$2.12,$2.57,$2.62,$2.30,$2.04,$2.75,$2.71,$2.99,$2.90,$2.45,$2.20,$2.21,$2.79,$2.88,$2.05,$2.80,$2.14,$2.10,$2.01,$2.56,$2.48,$2.69,$2.77,$2.28,$2.47,$2.29,$2.66,$2.59,$2.96,$2.98,$2.80,$2.61,$2.54,$2.80,$2.44,$2.34,$2.54,$2.98,$2.95,$2.50,$2.69,$2.84,$2.11,$2.32,$2.36,$2.22,$2.74,$2.87,$2.13,$2.68,$2.43,$2.40,$2.62,$2.31,$2.30,$2.54,$2.50,$2.74,$2.51
jam,$2.89,$2.00,$2.99,$2.95,$2.14,$2.27,$2.71,$2.00,$2.23,$2.62,$2.00,$2.43,$2.88,$2.11,$2.03,$2.60,$2.09,$2.79,$2.18,$2.71,$2.09,$2.13,$2.35,$2.11,$2.16,$2.24,$2.04,$2.36,$2.65,$2.23,$2.58,$2.74,$2.93,$2.73,$2.12,$2.92,$2.29,$2.27,$2.13,$2.29,$2.48,$2.09,$2.73,$2.95,$2.28,$2.52,$2.35,$2.06,$2.55,$2.92,$2.60,$2.16,$2.08,$2.58,$2.58,$2.38,$2.21,$2.54,$2.71,$2.99,$2.97,$2.86,$2.42,$2.95,$2.54,$2.77,$2.05,$2.35,$2.23,$2.70,$2.38,$2.61,$2.73,$2.24,$2.25,$2.02,$2.47
ketchup,$2.59,$2.47,$2.58,$2.60,$2.24,$2.10,$2.80,$2.69,$2.99,$2.23,$2.97,$2.24,$2.17,$2.81,$2.50,$2.05,$2.21,$2.94,$2.63,$2.34,$2.25,$2.84,$2.04,$2.85,$2.66,$2.75,$2.63,$2.30,$2.56,$2.18,$2.69,$2.63,$2.93,$2.87,$2.60,$2.27,$2.80,$2.77,$2.42,$2.70,$2.95,$2.99,$2.73,$2.64,$2.47,$2.02,$2.45,$2.12,$2.40,$2.05,$2.59,$2.19,$2.76,$2.82,$2.89,$2.88,$2.89,$2.35,$2.28,$2.55,$2.94,$2.59,$2.14,$2.67,$2.95,$2.41,$2.96,$2.18,$2.51,$2.93,$2.02,$2.82,$2.56,$2.65,$2.59,$2.41,$2.00
lettuce,$2.44,$2.96,$2.53,$2.06,$2.00,$2.93,$2.68,$2.56,$2.60,$2.75,$2.06,$2.66,$2.05,$2.79,$2.38,$2.75,$2.12,$2.32,$2.09,$2.56,$2.31,$2.18,$2.08,$2.66,$2.00,$2.62,$2.06,$2.93,$2.22,$2.68,$2.55,$2.89,$2.25,$2.46,$2.74,$2.36,$2.15,$2.17,$2.79,$2.96,$2.74,$2.11,$2.67,$2.63,$2.90,$2.64,$2.91,$2.80,$2.67,$2.25,$2.87,$2.73,$2.50,$2.52,$2.09,$2.37,$2.68,$2.37,$2.86,$2.10,$2.97,$2.52,$2.22,$2.22,$2.05,$2.16,$2.44,$2.29,$2.49,$2.61,$2.48,$2.32,$2.94,$2.16,$2.56,$2.11,$2.54
mayonnaise,$2.51,$2.73,$2.70,$2.08,$2.14,$2.36,$2.97,$2.93,$2.51,$2.30,$2.16,$2.53,$2.81,$2.64,$2.92,$2.22,$2.38,$2.06,$2.70,$2.15,$2.83,$2.82,$2.57,$2.31,$2.71,$2.22,$2.63,$2.47,$2.21,$2.43,$2.55,$2.92,$2.86,$2.46,$2.09,$2.66,$2.31,$2.92,$2.12,$2.00,$2.47,$2.89,$2.08,$2.86,$2.22,$2.88,$2.21,$2.17,$2.09,$2.74,$2.59,$2.77,$2.15,$2.62,$2.55,$2.58,$2.59,$2.32,$2.00,$2.68,$2.00,$2.85,$2.42,$2.15,$2.58,$2.78,$2.69,$2.46,$2.77,$2.59,$2.77,$2.09,$2.42,$2.92,$2.94,$2.30,$2.47
milk,$2.93,$2.43,$2.00,$2.01,$2.93,$2.78,$2.66,$2.66,$2.07,$2.97,$2.63,$2.62,$2.99,$2.69,$2.73,$2.02,$2.14,$2.55,$2.19,$2.64,$2.45,$2.71,$2.68,$2.30,$2.96,$2.56,$2.48,$2.92,$2.95,$2.32,$2.55,$2.67,$2.12,$2.87,$2.71,$2.74,$2.85,$2.43,$2.51,$2.56,$2.52,$2.84,$2.95,$2.08,$2.62,$2.91,$2.49,$2.26,$2.65,$2.05,$2.70,$2.22,$2.59,$2.56,$2.06,$2.05,$2.64,$2.43,$2.49,$2.25,$2.07,$2.59,$2.27,$2.08,$2.67,$2.65,$2.11,$2.08,$2.56,$2.67,$2.18,$2.34,$2.02,$2.66,$2.99,$2.34,$2.03
mustard,$2.18,$2.45,$2.93,$2.24,$2.45,$2.90,$2.07,$2.12,$2.72,$2.07,$2.18,$2.82,$2.09,$2.43,$2.42,$2.93,$2.88,$2.14,$2.04,$2.72,$2.25,$2.26,$2.12,$2.46,$2.67,$2.65,$2.31,$2.55,$2.13,$2.46,$2.12,$2.31,$2.90,$2.39,$2.28,$2.96,$2.42,$2.32,$2.64,$2.80,$2.23,$2.74,$2.62,$2.37,$2.21,$2.54,$2.87,$2.08,$2.71,$2.15,$2.74,$2.17,$2.65,$2.73,$2.58,$2.98,$2.17,$2.79,$2.98,$2.81,$2.27,$2.67,$2.08,$2.39,$2.48,$2.64,$2.49,$2.51,$2.61,$2.03,$2.79,$2.77,$2.66,$2.84,$2.57,$2.11,$2.65
olive oil,$2.83,$2.34,$2.59,$2.49,$2.88,$2.13,$2.36,$2.30,$2.10,$2.49,$2.57,$2.79,$2.17,$2.69,$2.21,$2.81,$2.19,$2.84,$2.23,$2.35,$2.05,$2.92,$2.73,$2.46,$2.00,$2.65,$2.08,$2.61,$2.93,$2.30,$2.29,$2.71,$2.87,$2.34,$2.52,$2.65,$2.12,$2.00,$2.57,$2.32,$2.05,$2.10,$2.49,$2.79,$2.93,$2.70,$2.83,$2.03,$2.30,$2.58,$2.19,$2.98,$2.85,$2.33,$2.12,$2.51,$2.19,$2.44,$2.09,$2.33,$2.07,$2.36,$2.53,$2.25,$2.87,$2.69,$2.13,$2.72,$2.19,$2.04,$2.68,$2.98,$2.07,$2.48,$2.68,$2.80,$2.33
onions,$2.92,$2.86,$2.52,$2.63,$2.06,$2.66,$2.29,$2.30,$2.41,$2.61,$2.38,$2.04,$2.32,$2.12,$2.67,$2.39,$2.12,$2.86,$2.46,$2.88,$2.34,$2.10,$2.21,$2.37,$2.05,$2.59,$2.20,$2.71,$2.21,$2.24,$2.47,$2.46,$2.97,$2.04,$2.58,$2.14,$2.56,$2.32,$2.03,$2.26,$2.52,$2.78,$2.12,$2.47,$2.37,$2.63,$2.16,$2.04,$2.80,$2.54,$2.74,$2.12,$2.14,$2.72,$2.38,$2.68,$2.75,$2.63,$2.58,$2.71,$2.44,$2.35,$2.68,$2.13,$2.42,$2.72,$2.21,$2.23,$2.03,$2.17,$2.78,$2.56,$2.34,$2.30,$2.51,$2.40,$2.60
orange juice,$2.23,$2.64,$2.26,$2.72,$2.09,$2.48,$2.91,$2.51,$2.16,$2.38,$2.35,$2.20,$2.87,$2.15,$2.41,$2.15,$2.63,$2.10,$2.90,$2.21,$2.09,$2.18,$2.38,$2.03,$2.52,$2.37,$2.77,$2.70,$2.88,$2.16,$2.34,$2.55,$2.77,$2.66,$2.09,$2.54,$2.85,$2.92,$2.59,$2.95,$2.24,$2.57,$2.20,$2.28,$2.11,$2.21,$2.53,$2.60,$2.64,$2.66,$2.56,$2.42,$2.23,$2.11,$2.78,$2.72,$2.72,$2.31,$2.09,$2.21,$2.50,$2.11,$2.38,$2.67,$2.96,$2.60,$2.83,$2.89,$2.47,$2.61,$2.89,$2.99,$2.25,$2.17,$2.86,$2.26,$2.08
oranges,$2.87,$2.30,$2.77,$2.82,$2.28,$2.96,$2.63,$2.36,$2.41,$2.19,$2.25,$2.14,$2.79,$2.28,$2.38,$2.97,$2.68,$2.45,$2.88,$2.75,$2.98,$2.78,$2.11,$2.44,$2.02,$2.86,$2.05,$2.87,$2.89,$2.14,$2.15,$2.66,$2.53,$2.05,$2.74,$2.16,$2.65,$2.57,$2.97,$2.90,$2.49,$2.73,$2.97,$2.98,$2.29,$2.05,$2.16,$2.36,$2.74,$2.93,$2.86,$2.18,$2.47,$2.74,$2.61,$2.98,$2.11,$2.88,$2.84,$2.05,$2.56,$2.52,$2.00,$2.13,$2.06,$2.72,$2.51,$2.95,$2.84,$2.10,$2.80,$2.00,$2.34,$2.68,$2.70,$2.37,$2.00
pasta,$2.19,$2.51,$2.62,$2.89,$2.55,$2.98,$2.95,$2.61,$2.27,$2.04,$2.47,$2.64,$2.02,$2.87,$2.84,$2.22,$2.03,$2.56,$2.30,$2.35,$2.00,$2.32,$2.22,$2.73,$2.59,$2.01,$2.51,$2.89,$2.55,$2.01,$2.03,$2.37,$2.05,$2.72,$2.51,$2.56,$2.41,$2.99,$2.61,$2.19,$2.33,$2.66,$2.28,$2.97,$2.15,$2.39,$2.54,$2.45,$2.36,$2.17,$2.32,$2.48,$2.84,$2.23,$2.51,$2.34,$2.48,$2.11,$2.12,$2.81,$2.22,$2.36,$2.14,$2.08,$2.66,$2.80,$2.50,$2.23,$2.97,$2.58,$2.19,$2.01,$2.87,$2.06,$2.69,$2.41,$2.71
peanut butter,$2.76,$2.10,$2.26,$2.43,$2.04,$2.29,$2.61,$2.65,$2.09,$2.32,$2.33,$2.52,$2.52,$2.04,$2.95,$2.59,$2.53,$2.72,$2.25,$2.15,$2.88,$2.24,$2.11,$2.00,$2.68,$2.29,$2.06,$2.43,$2.53,$2.70,$2.20,$2.51,$2.12,$2.77,$2.08,$2.12,$2.39,$2.89,$2.44,$2.40,$2.57,$2.66,$2.81,$2.81,$2.42,$2.63,$2.63,$2.82,$2.24,$2.05,$2.88,$2.21,$2.35,$2.05,$2.39,$2.01,$2.57,$2.86,$2.81,$2.32,$2.21,$2.54,$2.64,$2.71,$2.47,$2.28,$2.26,$2.86,$2.24,$2.33,$2.79,$2.97,$2.01,$2.70,$2.21,$2.08,$2.35
pepper,$2.43,$2.10,$2.09,$2.25,$2.43,$2.65,$2.61,$2.43,$2.67,$2.47,$2.86,$2.80,$2.78,$2.24,$2.93,$2.05,$2.41,$2.64,$2.60,$2.04,$2.09,$2.07,$2.33,$2.00,$2.03,$2.88,$2.02,$2.26,$2.83,$2.95,$2.83,$2.89,$2.22,$2.40,$2.27,$2.56,$2.40,$2.20,$2.72,$2.65,$2.78,$2.08,$2.48,$2.21,$2.99,$2.94,$2.28,$2.82,$2.45,$2.40,$2.85,$2.17,$2.54,$2.74,$2.11,$2.25,$2.40,$2.83,$2.13,$2.62,$2.29,$2.99,$2.46,$2.36,$2.23,$2.55,$2.53,$2.45,$2.21,$2.25,$2.07,$2.04,$2.23,$2.53,$2.58,$2.19,$2.40
pork chops,$2.69,$2.73,$2.07,$2.55,$2.92,$2.05,$2.04,$2.58,$2.74,$2.02,$2.22,$2.76,$2.81,$2.63,$2.42,$2.23,$2.28,$2.80,$2.10,$2.18,$2.73,$2.00,$2.03,$2.58,$2.62,$2.64,$2.06,$2.14,$2.56,$2.77,$2.72,$2.64,$2.69,$2.51,$2.35,$2.08,$2.22,$2.38,$2.45,$2.93,$2.38,$2.11,$2.02,$2.47,$2.68,$2.14,$2.93,$2.13,$2.67,$2.61,$2.75,$2.19,$2.30,$2.54,$2.04,$2.55,$2.52,$2.07,$2.79,$2.94,$2.22,$2.22,$2.20,$2.98,$2.38,$2.57,$2.26,$2.47,$2.90,$2.65,$2.50,$2.55,$2.00,$2.12,$2.12,$2.00,$2.52
potatoes,$2.42,$2.80,$2.96,$2.40,$2.67,$2.99,$2.38,$2.40,$2.57,$2.16,$2.98,$2.46,$2.52,$2.67,$2.83,$2.82,$2.91,$2.56,$2.43,$2.39,$2.53,$2.39,$2.19,$2.17,$2.52,$2.85,$2.04,$2.63,$2.89,$2.52,$2.33,$2.65,$2.17,$2.93,$2.32,$2.04,$2.38,$2.30,$2.52,$2.34,$2.92,$2.93,$2.12,$2.35,$2.00,$2.30,$2.59,$2.95,$2.98,$2.20,$2.65,$2.99,$2.43,$2.35,$2.11,$2.64,$2.87,$2.16,$2.05,$2.70,$2.70,$2.82,$2.98,$2.74,$2.27,$2.44,$2.26,$2.13,$2.83,$2.49,$2.02,$2.87,$2.82,$2.34,$2.98,$2.29,$2.86
rice,$2.23,$2.00,$2.85,$2.91,$2.34,$2.07,$2.02,$2.47,$2.91,$2.31,$2.38,$2.00,$2.52,$2.64,$2.69,$2.63,$2.56,$2.71,$2.67,$2.63,$2.33,$2.38,$2.49,$2.50,$2.96,$2.17,$2.59,$2.54,$2.61,$2.49,$2.86,$2.22,$2.31,$2.81,$2.90,$2.63,$2.41,$2.49,$2.99,$2.94,$2.62,$2.55,$2.45,$2.04,$2.98,$2.64,$2.80,$2.35,$2.59,$2.86,$2.77,$2.37,$2.74,$2.05,$2.65,$2.67,$2.48,$2.02,$2.03,$2.03,$2.55,$2.61,$2.88,$2.42,$2.37,$2.84,$2.55,$2.98,$2.32,$2.06,$2.93,$2.03,$2.18,$2.58,$2.62,$2.56,$2.30
salmon,$2.30,$2.43,$2.69,$2.78,$2.20,$2.41,$2.38,$2.13,$2.99,$2.36,$2.27,$2.78,$2.80,$2.70,$2.48,$2.28,$2.48,$2.01,$2.45,$2.69,$2.50,$2.35,$2.41,$2.86,$2.64,$2.77,$2.82,$2.15,$2.49,$2.81,$2.57,$2.62,$2.42,$2.58,$2.59,$2.24,$2.69,$2.52,$2.41,$2.00,$2.37,$2.22,$2.45,$2.17,$2.29,$2.09,$2.59,$2.96,$2.31,$2.71,$2.34,$2.53,$2.83,$2.23,$2.90,$2.04,$2.36,$2.42,$2.94,$2.64,$2.94,$2.03,$2.59,$2.51,$2.97,$2.76,$2.87,$2.96,$2.17,$2.27,$2.04,$2.90,$2.45,$2.77,$2.77,$2.92,$2.34
salt,$2.26,$2.55,$2.46,$2.36,$2.04,$2.61,$2.27,$2.93,$2.83,$2.18,$2.91,$2.77,$2.71,$2.13,$2.00,$2.58,$2.24,$2.62,$2.79,$2.35,$2.90,$2.17,$2.59,$2.33,$2.33,$2.94,$2.69,$2.58,$2.90,$2.59,$2.83,$2.53,$2.00,$2.50,$2.82,$2.55,$2.06,$2.93,$2.03,$2.26,$2.54,$2.05,$2.83,$2.61,$2.47,$2.67,$2.21,$2.70,$2.41,$2.39,$2.44,$2.42,$2.97,$2.21,$2.07,$2.76,$2.03,$2.34,$2.92,$2.45,$2.13,$2.40,$2.07,$2.78,$2.84,$2.45,$2.41,$2.06,$2.66,$2.24,$2.04,$2.40,$2.20,$2.96,$2.92,$2.14,$2.87
shrimp,$2.65,$2.27,$2.48,$2.25,$2.75,$2.99,$2.19,$2.87,$2.87,$2.65,$2.49,$2.11,$2.93,$2.77,$2.30,$2.13,$2.38,$2.19,$2.08,$2.99,$2.66,$2.10,$2.11,$2.11,$2.79,$2.03,$2.91,$2.83,$2.64,$2.26,$2.20,$2.50,$2.36,$2.48,$2.29,$2.35,$2.30,$2.52,$2.75,$2.64,$2.15,$2.72,$2.37,$2.58,$2.29,$2.28,$2.00,$2.63,$2.13,$2.84,$2.55,$2.91,$2.63,$2.95,$2.67,$2.68,$2.90,$2.53,$2.47,$2.59,$2.48,$2.91,$2.86,$2.60,$2.86,$2.82,$2.58,$2.30,$2.02,$2.45,$2.68,$2.73,$2.42,$2.34,$2.19,$2.43,$2.36
sour cream,$2.32,$2.10,$2.53,$2.91,$2.17,$2.19,$2.03,$2.42,$2.31,$2.85,$2.08,$2.75,$2.41,$2.99,$2.30,$2.08,$2.45,$2.28,$2.43,$2.61,$2.55,$2.94,$2.74,$2.05,$2.67,$2.89,$2.12,$2.09,$2.47,$2.75,$2.52,$2.68,$2.20,$2.93,$2.88,$2.67,$2.02,$2.70,$2.22,$2.20,$2.07,$2.12,$2.62,$2.54,$2.06,$2.51,$2.46,$2.40,$2.86,$2.48,$2.83,$2.96,$2.31,$2.52,$2.98,$2.09,$2.83,$2.90,$2.87,$2.71,$2.39,$2.65,$2.74,$2.28,$2.82,$2.46,$2.55,$2.39,$2.54,$2.07,$2.24,$2.31,$2.23,$2.72,$2.89,$2.05,$2.82
spinach,$2.47,$2.00,$2.71,$2.03,$2.88,$2.57,$2.73,$2.16,$2.39,$2.91,$2.16,$2.16,$2.88,$2.59,$2.20,$2.68,$2.94,$2.36,$2.61,$2.66,$2.78,$2.34,$2.07,$2.05,$2.64,$2.08,$2.15,$2.65,$2.30,$2.66,$2.77,$2.19,$2.99,$2.31,$2.53,$2.99,$2.89,$2.91,$2.19,$2.60,$2.18,$2.54,$2.39,$2.65,$2.47,$2.87,$2.48,$2.03,$2.10,$2.60,$2.22,$2.45,$2.65,$2.29,$2.73,$2.83,$2.99,$2.38,$2.82,$2.67,$2.91,$2.53,$2.32,$2.14,$2.31,$2.26,$2.33,$2.83,$2.42,$2.12,$2.23,$2.70,$2.04,$2.44,$2.69,$2.44,$2.72
sugar,$2.74,$2.26,$2.71,$2.70,$2.88,$2.12,$2.30,$2.25,$2.12,$2.37,$2.16,$2.54,$2.75,$2.34,$2.39,$2.09,$2.16,$2.64,$2.95,$2.52,$2.70,$2.50,$2.66,$2.42,$2.63,$2.62,$2.48,$2.79,$2.26,$2.58,$2.80,$2.27,$2.62,$2.74,$2.64,$2.08,$2.93,$2.12,$2.01,$2.28,$2.02,$2.88,$2.59,$2.99,$2.68,$2.25,$2.97,$2.70,$2.95,$2.82,$2.44,$2.44,$2.51,$2.71,$2.18,$2.47,$2.34,$2.15,$2.76,$2.94,$2.88,$2.82,$2.30,$2.83,$2.49,$2.69,$2.43,$2.12,$2.20,$2.69,$2.33,$2.88,$2.88,$2.20,$2.71,$2.45,$2.93
tea,$2.46,$2.25,$2.28,$2.15,$2.41,$2.78,$2.79,$2.92,$2.73,$2.80,$2.13,$2.71,$2.74,$2.46,$2.40,$2.57,$2.81,$2.14,$2.87,$2.99,$2.04,$2.45,$2.13,$2.10,$2.36,$2.92,$2.73,$2.33,$2.67,$2.49,$2.40,$2.30,$2.50,$2.98,$2.50,$2.27,$2.84,$2.31,$2.41,$2.17,$2.98,$2.48,$2.39,$2.42,$2.94,$2.04,$2.94,$2.01,$2.21,$2.55,$2.87,$2.30,$2.44,$2.00,$2.72,$2.01,$2.78,$2.49,$2.41,$2.33,$2.35,$2.55,$2.29,$2.23,$2.79,$2.98,$2.93,$2.04,$2.96,$2.53,$2.21,$2.26,$2.98,$2.57,$2.86,$2.51,$2.55
tomatoes,$2.69,$2.47,$2.77,$2.21,$2.00,$2.76,$2.97,$2.44,$2.55,$2.80,$2.92,$2.57,$2.26,$2.83,$2.08,$2.24,$2.11,$2.30,$2.53,$2.93,$2.29,$2.17,$2.02,$2.73,$2.71,$2.70,$2.46,$2.44,$2.96,$2.23,$2.52,$2.80,$2.31,$2.63,$2.54,$2.79,$2.77,$2.11,$2.96,$2.67,$2.08,$2.69,$2.44,$2.01,$2.87,$2.09,$2.39,$2.52,$2.15,$2.15,$2.17,$2.70,$2.06,$2.78,$2.04,$2.60,$2.01,$2.64,$2.47,$2.63,$2.74,$2.01,$2.99,$2.93,$2.46,$2.96,$2.81,$2.79,$2.18,$2.37,$2.37,$2.02,$2.11,$2.85,$2.68,$2.05,$2.39
vegetable oil,$2.03,$2.85,$2.73,$2.76,$2.80,$2.28,$2.38,$2.25,$2.84,$2.54,$2.91,$2.15,$2.73,$2.98,$2.13,$2.28,$2.19,$2.83,$2.44,$2.10,$2.13,$2.40,$2.96,$2.75,$2.34,$2.72,$2.16,$2.91,$2.41,$2.28,$2.89,$2.63,$2.96,$2.38,$2.97,$2.10,$2.36,$2.53,$2.65,$2.15,$2.06,$2.35,$2.71,$2.46,$2.89,$2.73,$2.61,$2.06,$2.62,$2.26,$2.40,$2.36,$2.94,$2.81,$2.94,$2.53,$2.17,$2.00,$2.90,$2.65,$2.89,$2.79,$2.17,$2.25,$2.88,$2.20,$2.70,$2.99,$2.88,$2.39,$2.03,$2.49,$2.26,$2.52,$2.70,$2.58,$2.69
water,$2.79,$2.10,$2.90,$2.83,$2.74,$2.52,$2.75,$2.01,$2.46,$2.70,$2.64,$2.45,$2.73,$2.83,$2.39,$2.19,$2.95,$2.19,$2.41,$2.24,$2.52,$2.33,$2.83,$2.89,$2.03,$2.64,$2.91,$2.32,$2.31,$2.01,$2.33,$2.30,$2.89,$2.99,$2.54,$2.22,$2.69,$2.25,$2.37,$2.00,$2.39,$2.86,$2.31,$2.82,$2.83,$2.24,$2.52,$2.38,$2.67,$2.80,$2.85,$2.05,$2.40,$2.21,$2.25,$2.42,$2.31,$2.47,$2.89,$2.85,$2.12,$2.68,$2.97,$2.81,$2.62,$2.21,$2.65,$2.79,$2.59,$2.59,$2.98,$2.11,$2.89,$2.43,$2.68,$2.41,$2.86
yogurt,$2.63,$2.06,$2.30,$2.93,$2.62,$2.23,$2.87,$2.14,$2.92,$2.28,$2.10,$2.36,$2.84,$2.98,$2.46,$2.29,$2.42,$2.25,$2.84,$2.09,$2.66,$2.08,$2.31,$2.01,$2.93,$2.21,$2.83,$2.18,$2.67,$2.09,$2.76,$2.35,$2.38,$2.01,$2.62,$2.77,$2.11,$2.33,$2.27,$2.88,$2.54,$2.16,$2.43,$2.11,$2.55,$2.61,$2.83,$2.20,$2.73,$2.88,$2.40,$2.21,$2.27,$2.73,$2.76,$2.31,$2.77,$2.88,$2.84,$2.22,$2.74,$2.40,$2.90,$2.20,$2.22,$2.87,$2.13,$2.59,$2.94,$2.45,$2.40,$2.17,$2.22,$2.84,$2.12,$2.81,$2.86
Average Price,$5.10,$2.49,$10.16,$2.48,$2.46,$5.02,$2.49,$2.44,$2.48,$2.51,$2.47,$2.47,$17.66,$2.53,$4.99,$22.11,$2.47,$21.72,$2.50,$2.51,$2.46,$17.07,$2.43,$2.42,$2.49,$2.56,$2.44,$2.48,$2.53,$2.45,$2.54,$2.53,$2.52,$7.46,$2.45,$2.45,$2.47,$2.48,$2.50,$2.52,$2.41,$2.48,$2.50,$2.49,$2.53,$2.51,$2.57,$2.45,$2.49,$2.54,$2.55,$2.48,$2.52,$2.53,$2.51,$12.32,$2.53,$5.06,$2.55,$2.51,$2.46,$2.53,$2.46,$2.47,$5.05,$2.55,$2.48,$2.47,$2.52,$2.45,$7.40,$2.50,$2.42,$9.93,$2.59,$21.96,$2.50
Distance (miles),8.5,7.2,5.9,7.6,26.2,8.4,17.6,4.1,6.2,12.1,19.6,2.7,2.1,22.0,7.1,5.6,45.6,3.5,11.6,8.2,7.8,6.2,10.1,8.6,15.9,0.6,43.6,44.2,6.5,7.8,7.3,41.0,25.5,5.0,12.4,26.6,0.7,7.2,6.2,38.7,41.0,49.4,19.6,6.2,26.6,42.8,7.2,1.7,23.6,5.4,3.4,44.2,21.6,15.9,6.1,3.5,7.1,7.2,10.7,3.3,3.8,48.0,44.6,27.3,9.9,3.4,3.8,2.7,9.2,47.9,4.0,48.6,4.7,8.8,16.2,6.3,4.9
