date,store_id,item_id,price
2025-05-19,1,1,3.88
2025-05-19,1,2,5.03
2025-05-19,1,3,3.04
2025-05-19,1,4,6.0
2025-05-19,1,5,7.06
2025-05-19,1,6,0.7
2025-05-19,1,7,2.01
2025-05-19,1,8,8.83
2025-05-19,1,9,1.43
2025-05-19,1,10,4.33
2025-05-19,2,1,3.74
2025-05-19,2,2,4.53
2025-05-19,2,3,2.56
2025-05-19,2,4,5.37
2025-05-19,2,5,6.12
2025-05-19,2,6,0.61
2025-05-19,2,7,1.78
2025-05-19,2,8,8.43
2025-05-19,2,9,1.36
2025-05-19,2,10,4.03
2025-05-19,3,1,4.11
2025-05-19,3,2,5.17
2025-05-19,3,3,3.05
2025-05-19,3,4,6.06
2025-05-19,3,5,6.95
2025-05-19,3,6,0.72
2025-05-19,3,7,1.94
2025-05-19,3,8,9.12
2025-05-19,3,9,1.53
2025-05-19,3,10,4.68
2025-05-19,4,1,4.24
2025-05-19,4,2,5.03
2025-05-19,4,3,3.22
2025-05-19,4,4,6.46
2025-05-19,4,5,7.57
2025-05-19,4,6,0.74
2025-05-19,4,7,2.19
2025-05-19,4,8,9.86
2025-05-19,4,9,1.57
2025-05-19,4,10,4.56
2025-05-19,5,1,3.91
2025-05-19,5,2,4.83
2025-05-19,5,3,3.01
2025-05-19,5,4,6.07
2025-05-19,5,5,6.81
2025-05-19,5,6,0.7
2025-05-19,5,7,2.05
2025-05-19,5,8,9.08
2025-05-19,5,9,1.46
2025-05-19,5,10,4.34
2025-05-19,6,1,3.44
2025-05-19,6,2,4.19
2025-05-19,6,3,2.62
2025-05-19,6,4,5.2
2025-05-19,6,5,6.19
2025-05-19,6,6,0.59
2025-05-19,6,7,1.76
2025-05-19,6,8,7.9
2025-05-19,6,9,1.3
2025-05-19,6,10,3.84
2025-05-19,7,1,3.23
2025-05-19,7,2,4.41
2025-05-19,7,3,2.63
2025-05-19,7,4,4.9
2025-05-19,7,5,5.76
2025-05-19,7,6,0.61
2025-05-19,7,7,1.69
2025-05-19,7,8,7.59
2025-05-19,7,9,1.28
2025-05-19,7,10,3.66
2025-05-19,8,1,3.15
2025-05-19,8,2,3.86
2025-05-19,8,3,2.28
2025-05-19,8,4,4.69
2025-05-19,8,5,5.59
2025-05-19,8,6,0.57
2025-05-19,8,7,1.55
2025-05-19,8,8,7.32
2025-05-19,8,9,1.14
2025-05-19,8,10,3.55
2025-05-19,9,1,4.13
2025-05-19,9,2,5.46
2025-05-19,9,3,3.19
2025-05-19,9,4,6.56
2025-05-19,9,5,7.55
2025-05-19,9,6,0.69
2025-05-19,9,7,2.03
2025-05-19,9,8,9.24
2025-05-19,9,9,1.64
2025-05-19,9,10,4.75
2025-05-19,10,1,4.1
2025-05-19,10,2,4.78
2025-05-19,10,3,3.08
2025-05-19,10,4,6.1
2025-05-19,10,5,6.92
2025-05-19,10,6,0.69
2025-05-19,10,7,2.07
2025-05-19,10,8,9.13
2025-05-19,10,9,1.56
2025-05-19,10,10,4.63
2025-05-19,11,1,3.75
2025-05-19,11,2,4.3
2025-05-19,11,3,2.58
2025-05-19,11,4,5.31
2025-05-19,11,5,6.53
2025-05-19,11,6,0.64
2025-05-19,11,7,1.76
2025-05-19,11,8,8.13
2025-05-19,11,9,1.39
2025-05-19,11,10,4.23
2025-05-19,12,1,4.77
2025-05-19,12,2,6.01
2025-05-19,12,3,3.53
2025-05-19,12,4,7.37
2025-05-19,12,5,8.35
2025-05-19,12,6,0.83
2025-05-19,12,7,2.42
2025-05-19,12,8,11.11
2025-05-19,12,9,1.87
2025-05-19,12,10,5.33
2025-05-19,13,1,5.02
2025-05-19,13,2,6.44
2025-05-19,13,3,3.95
2025-05-19,13,4,7.46
2025-05-19,13,5,9.41
2025-05-19,13,6,0.87
2025-05-19,13,7,2.49
2025-05-19,13,8,11.79
2025-05-19,13,9,2.0
2025-05-19,13,10,5.55
2025-05-19,14,1,5.31
2025-05-19,14,2,6.2
2025-05-19,14,3,3.82
2025-05-19,14,4,7.88
2025-05-19,14,5,8.97
2025-05-19,14,6,0.9
2025-05-19,14,7,2.52
2025-05-19,14,8,11.22
2025-05-19,14,9,1.96
2025-05-19,14,10,6.02
2025-05-19,15,1,3.35
2025-05-19,15,2,4.36
2025-05-19,15,3,2.62
2025-05-19,15,4,4.9
2025-05-19,15,5,5.9
2025-05-19,15,6,0.56
2025-05-19,15,7,1.64
2025-05-19,15,8,7.49
2025-05-19,15,9,1.3
2025-05-19,15,10,3.88
2025-05-18,1,1,4.17
2025-05-18,1,2,5.03
2025-05-18,1,3,2.92
2025-05-18,1,4,6.09
2025-05-18,1,5,7.29
2025-05-18,1,6,0.7
2025-05-18,1,7,1.9
2025-05-18,1,8,9.32
2025-05-18,1,9,1.51
2025-05-18,1,10,4.3
2025-05-18,2,1,3.47
2025-05-18,2,2,4.54
2025-05-18,2,3,2.68
2025-05-18,2,4,5.34
2025-05-18,2,5,6.48
2025-05-18,2,6,0.65
2025-05-18,2,7,1.84
2025-05-18,2,8,8.09
2025-05-18,2,9,1.35
2025-05-18,2,10,4.09
2025-05-18,3,1,4.05
2025-05-18,3,2,4.96
2025-05-18,3,3,3.0
2025-05-18,3,4,6.2
2025-05-18,3,5,6.81
2025-05-18,3,6,0.72
2025-05-18,3,7,2.09
2025-05-18,3,8,8.78
2025-05-18,3,9,1.5
2025-05-18,3,10,4.47
2025-05-18,4,1,4.11
2025-05-18,4,2,5.45
2025-05-18,4,3,3.25
2025-05-18,4,4,6.59
2025-05-18,4,5,7.65
2025-05-18,4,6,0.71
2025-05-18,4,7,2.1
2025-05-18,4,8,9.78
2025-05-18,4,9,1.62
2025-05-18,4,10,4.93
2025-05-18,5,1,4.04
2025-05-18,5,2,5.2
2025-05-18,5,3,3.08
2025-05-18,5,4,5.78
2025-05-18,5,5,6.93
2025-05-18,5,6,0.66
2025-05-18,5,7,1.97
2025-05-18,5,8,9.34
2025-05-18,5,9,1.42
2025-05-18,5,10,4.57
2025-05-18,6,1,3.52
2025-05-18,6,2,4.34
2025-05-18,6,3,2.53
2025-05-18,6,4,4.91
2025-05-18,6,5,5.89
2025-05-18,6,6,0.58
2025-05-18,6,7,1.72
2025-05-18,6,8,7.31
2025-05-18,6,9,1.29
2025-05-18,6,10,3.79
2025-05-18,7,1,3.48
2025-05-18,7,2,4.08
2025-05-18,7,3,2.48
2025-05-18,7,4,5.28
2025-05-18,7,5,5.67
2025-05-18,7,6,0.56
2025-05-18,7,7,1.63
2025-05-18,7,8,7.56
2025-05-18,7,9,1.31
2025-05-18,7,10,3.98
2025-05-18,8,1,3.33
2025-05-18,8,2,3.83
2025-05-18,8,3,2.32
2025-05-18,8,4,4.58
2025-05-18,8,5,5.86
2025-05-18,8,6,0.57
2025-05-18,8,7,1.59
2025-05-18,8,8,6.98
2025-05-18,8,9,1.15
2025-05-18,8,10,3.6
2025-05-18,9,1,4.21
2025-05-18,9,2,5.07
2025-05-18,9,3,3.26
2025-05-18,9,4,6.57
2025-05-18,9,5,7.23
2025-05-18,9,6,0.7
2025-05-18,9,7,2.11
2025-05-18,9,8,9.83
2025-05-18,9,9,1.62
2025-05-18,9,10,4.64
2025-05-18,10,1,4.15
2025-05-18,10,2,5.03
2025-05-18,10,3,2.86
2025-05-18,10,4,5.97
2025-05-18,10,5,7.1
2025-05-18,10,6,0.66
2025-05-18,10,7,2.02
2025-05-18,10,8,9.38
2025-05-18,10,9,1.53
2025-05-18,10,10,4.69
2025-05-18,11,1,3.48
2025-05-18,11,2,4.27
2025-05-18,11,3,2.73
2025-05-18,11,4,5.18
2025-05-18,11,5,6.18
2025-05-18,11,6,0.65
2025-05-18,11,7,1.82
2025-05-18,11,8,7.71
2025-05-18,11,9,1.28
2025-05-18,11,10,3.87
2025-05-18,12,1,4.95
2025-05-18,12,2,6.04
2025-05-18,12,3,3.75
2025-05-18,12,4,7.23
2025-05-18,12,5,8.34
2025-05-18,12,6,0.86
2025-05-18,12,7,2.34
2025-05-18,12,8,11.27
2025-05-18,12,9,1.72
2025-05-18,12,10,5.3
2025-05-18,13,1,5.2
2025-05-18,13,2,6.74
2025-05-18,13,3,3.9
2025-05-18,13,4,7.79
2025-05-18,13,5,9.04
2025-05-18,13,6,0.89
2025-05-18,13,7,2.51
2025-05-18,13,8,11.78
2025-05-18,13,9,1.96
2025-05-18,13,10,5.85
2025-05-18,14,1,5.24
2025-05-18,14,2,6.58
2025-05-18,14,3,3.83
2025-05-18,14,4,7.66
2025-05-18,14,5,8.73
2025-05-18,14,6,0.86
2025-05-18,14,7,2.59
2025-05-18,14,8,12.26
2025-05-18,14,9,2.0
2025-05-18,14,10,5.62
2025-05-18,15,1,3.51
2025-05-18,15,2,4.37
2025-05-18,15,3,2.66
2025-05-18,15,4,5.19
2025-05-18,15,5,6.03
2025-05-18,15,6,0.59
2025-05-18,15,7,1.61
2025-05-18,15,8,7.75
2025-05-18,15,9,1.24
2025-05-18,15,10,3.97
2025-05-17,1,1,3.97
2025-05-17,1,2,5.21
2025-05-17,1,3,2.88
2025-05-17,1,4,5.94
2025-05-17,1,5,6.97
2025-05-17,1,6,0.7
2025-05-17,1,7,2.07
2025-05-17,1,8,9.24
2025-05-17,1,9,1.5
2025-05-17,1,10,4.52
2025-05-17,2,1,3.55
2025-05-17,2,2,4.52
2025-05-17,2,3,2.72
2025-05-17,2,4,5.18
2025-05-17,2,5,6.03
2025-05-17,2,6,0.63
2025-05-17,2,7,1.75
2025-05-17,2,8,8.18
2025-05-17,2,9,1.38
2025-05-17,2,10,3.86
2025-05-17,3,1,4.1
2025-05-17,3,2,4.83
2025-05-17,3,3,2.84
2025-05-17,3,4,5.88
2025-05-17,3,5,7.14
2025-05-17,3,6,0.68
2025-05-17,3,7,1.94
2025-05-17,3,8,8.73
2025-05-17,3,9,1.43
2025-05-17,3,10,4.5
2025-05-17,4,1,4.08
2025-05-17,4,2,5.39
2025-05-17,4,3,3.2
2025-05-17,4,4,6.0
2025-05-17,4,5,7.19
2025-05-17,4,6,0.75
2025-05-17,4,7,2.06
2025-05-17,4,8,9.0
2025-05-17,4,9,1.52
2025-05-17,4,10,4.7
2025-05-17,5,1,3.97
2025-05-17,5,2,5.2
2025-05-17,5,3,2.96
2025-05-17,5,4,6.27
2025-05-17,5,5,6.74
2025-05-17,5,6,0.69
2025-05-17,5,7,2.0
2025-05-17,5,8,8.86
2025-05-17,5,9,1.44
2025-05-17,5,10,4.62
2025-05-17,6,1,3.49
2025-05-17,6,2,4.13
2025-05-17,6,3,2.53
2025-05-17,6,4,4.94
2025-05-17,6,5,5.65
2025-05-17,6,6,0.6
2025-05-17,6,7,1.73
2025-05-17,6,8,7.41
2025-05-17,6,9,1.22
2025-05-17,6,10,3.87
2025-05-17,7,1,3.47
2025-05-17,7,2,4.11
2025-05-17,7,3,2.44
2025-05-17,7,4,5.13
2025-05-17,7,5,5.66
2025-05-17,7,6,0.61
2025-05-17,7,7,1.67
2025-05-17,7,8,7.28
2025-05-17,7,9,1.25
2025-05-17,7,10,3.78
2025-05-17,8,1,3.08
2025-05-17,8,2,3.88
2025-05-17,8,3,2.28
2025-05-17,8,4,4.95
2025-05-17,8,5,5.66
2025-05-17,8,6,0.57
2025-05-17,8,7,1.63
2025-05-17,8,8,6.89
2025-05-17,8,9,1.18
2025-05-17,8,10,3.45
2025-05-17,9,1,4.03
2025-05-17,9,2,5.19
2025-05-17,9,3,3.13
2025-05-17,9,4,6.31
2025-05-17,9,5,7.69
2025-05-17,9,6,0.72
2025-05-17,9,7,2.02
2025-05-17,9,8,9.37
2025-05-17,9,9,1.55
2025-05-17,9,10,4.72
2025-05-17,10,1,4.01
2025-05-17,10,2,4.89
2025-05-17,10,3,3.05
2025-05-17,10,4,6.2
2025-05-17,10,5,6.79
2025-05-17,10,6,0.67
2025-05-17,10,7,2.01
2025-05-17,10,8,8.82
2025-05-17,10,9,1.51
2025-05-17,10,10,4.48
2025-05-17,11,1,3.59
2025-05-17,11,2,4.34
2025-05-17,11,3,2.75
2025-05-17,11,4,5.65
2025-05-17,11,5,5.98
2025-05-17,11,6,0.63
2025-05-17,11,7,1.74
2025-05-17,11,8,8.41
2025-05-17,11,9,1.4
2025-05-17,11,10,4.11
2025-05-17,12,1,4.91
2025-05-17,12,2,6.27
2025-05-17,12,3,3.75
2025-05-17,12,4,7.27
2025-05-17,12,5,8.6
2025-05-17,12,6,0.84
2025-05-17,12,7,2.29
2025-05-17,12,8,10.98
2025-05-17,12,9,1.78
2025-05-17,12,10,5.56
2025-05-17,13,1,5.13
2025-05-17,13,2,6.61
2025-05-17,13,3,3.94
2025-05-17,13,4,7.48
2025-05-17,13,5,9.05
2025-05-17,13,6,0.93
2025-05-17,13,7,2.54
2025-05-17,13,8,11.44
2025-05-17,13,9,2.01
2025-05-17,13,10,5.65
2025-05-17,14,1,5.42
2025-05-17,14,2,6.34
2025-05-17,14,3,3.7
2025-05-17,14,4,7.48
2025-05-17,14,5,8.88
2025-05-17,14,6,0.89
2025-05-17,14,7,2.68
2025-05-17,14,8,11.13
2025-05-17,14,9,1.87
2025-05-17,14,10,5.91
2025-05-17,15,1,3.33
2025-05-17,15,2,4.32
2025-05-17,15,3,2.65
2025-05-17,15,4,5.2
2025-05-17,15,5,6.23
2025-05-17,15,6,0.57
2025-05-17,15,7,1.73
2025-05-17,15,8,7.98
2025-05-17,15,9,1.29
2025-05-17,15,10,3.77
2025-05-16,1,1,4.16
2025-05-16,1,2,4.99
2025-05-16,1,3,2.92
2025-05-16,1,4,6.15
2025-05-16,1,5,7.27
2025-05-16,1,6,0.69
2025-05-16,1,7,2.02
2025-05-16,1,8,9.39
2025-05-16,1,9,1.44
2025-05-16,1,10,4.28
2025-05-16,2,1,3.44
2025-05-16,2,2,4.43
2025-05-16,2,3,2.57
2025-05-16,2,4,5.56
2025-05-16,2,5,6.0
2025-05-16,2,6,0.64
2025-05-16,2,7,1.87
2025-05-16,2,8,8.35
2025-05-16,2,9,1.39
2025-05-16,2,10,4.07
2025-05-16,3,1,4.15
2025-05-16,3,2,4.84
2025-05-16,3,3,3.13
2025-05-16,3,4,6.25
2025-05-16,3,5,6.69
2025-05-16,3,6,0.72
2025-05-16,3,7,1.93
2025-05-16,3,8,8.76
2025-05-16,3,9,1.43
2025-05-16,3,10,4.44
2025-05-16,4,1,4.21
2025-05-16,4,2,5.17
2025-05-16,4,3,3.07
2025-05-16,4,4,6.14
2025-05-16,4,5,7.22
2025-05-16,4,6,0.71
2025-05-16,4,7,2.14
2025-05-16,4,8,9.66
2025-05-16,4,9,1.63
2025-05-16,4,10,4.81
2025-05-16,5,1,4.03
2025-05-16,5,2,4.83
2025-05-16,5,3,2.94
2025-05-16,5,4,6.13
2025-05-16,5,5,7.09
2025-05-16,5,6,0.7
2025-05-16,5,7,1.97
2025-05-16,5,8,8.73
2025-05-16,5,9,1.52
2025-05-16,5,10,4.41
2025-05-16,6,1,3.56
2025-05-16,6,2,4.05
2025-05-16,6,3,2.65
2025-05-16,6,4,5.06
2025-05-16,6,5,6.19
2025-05-16,6,6,0.58
2025-05-16,6,7,1.73
2025-05-16,6,8,7.61
2025-05-16,6,9,1.27
2025-05-16,6,10,3.76
2025-05-16,7,1,3.52
2025-05-16,7,2,4.41
2025-05-16,7,3,2.53
2025-05-16,7,4,5.13
2025-05-16,7,5,6.12
2025-05-16,7,6,0.62
2025-05-16,7,7,1.64
2025-05-16,7,8,7.59
2025-05-16,7,9,1.3
2025-05-16,7,10,3.97
2025-05-16,8,1,3.1
2025-05-16,8,2,3.8
2025-05-16,8,3,2.48
2025-05-16,8,4,4.58
2025-05-16,8,5,5.37
2025-05-16,8,6,0.53
2025-05-16,8,7,1.66
2025-05-16,8,8,7.01
2025-05-16,8,9,1.14
2025-05-16,8,10,3.64
2025-05-16,9,1,4.34
2025-05-16,9,2,5.4
2025-05-16,9,3,3.24
2025-05-16,9,4,6.29
2025-05-16,9,5,7.47
2025-05-16,9,6,0.76
2025-05-16,9,7,2.07
2025-05-16,9,8,9.43
2025-05-16,9,9,1.56
2025-05-16,9,10,4.76
2025-05-16,10,1,3.96
2025-05-16,10,2,4.88
2025-05-16,10,3,2.87
2025-05-16,10,4,6.05
2025-05-16,10,5,7.18
2025-05-16,10,6,0.69
2025-05-16,10,7,2.0
2025-05-16,10,8,9.26
2025-05-16,10,9,1.51
2025-05-16,10,10,4.47
2025-05-16,11,1,3.43
2025-05-16,11,2,4.32
2025-05-16,11,3,2.6
2025-05-16,11,4,5.31
2025-05-16,11,5,6.05
2025-05-16,11,6,0.61
2025-05-16,11,7,1.81
2025-05-16,11,8,7.86
2025-05-16,11,9,1.4
2025-05-16,11,10,4.22
2025-05-16,12,1,4.93
2025-05-16,12,2,6.02
2025-05-16,12,3,3.77
2025-05-16,12,4,6.9
2025-05-16,12,5,8.13
2025-05-16,12,6,0.79
2025-05-16,12,7,2.39
2025-05-16,12,8,10.64
2025-05-16,12,9,1.71
2025-05-16,12,10,5.16
2025-05-16,13,1,5.07
2025-05-16,13,2,6.62
2025-05-16,13,3,3.74
2025-05-16,13,4,8.08
2025-05-16,13,5,9.09
2025-05-16,13,6,0.93
2025-05-16,13,7,2.64
2025-05-16,13,8,11.68
2025-05-16,13,9,1.97
2025-05-16,13,10,5.65
2025-05-16,14,1,5.33
2025-05-16,14,2,6.49
2025-05-16,14,3,3.71
2025-05-16,14,4,7.96
2025-05-16,14,5,8.96
2025-05-16,14,6,0.92
2025-05-16,14,7,2.58
2025-05-16,14,8,11.77
2025-05-16,14,9,1.99
2025-05-16,14,10,6.1
2025-05-16,15,1,3.55
2025-05-16,15,2,4.31
2025-05-16,15,3,2.54
2025-05-16,15,4,5.13
2025-05-16,15,5,5.97
2025-05-16,15,6,0.56
2025-05-16,15,7,1.76
2025-05-16,15,8,7.43
2025-05-16,15,9,1.32
2025-05-16,15,10,3.92
2025-05-15,1,1,4.09
2025-05-15,1,2,4.84
2025-05-15,1,3,3.09
2025-05-15,1,4,5.98
2025-05-15,1,5,7.09
2025-05-15,1,6,0.68
2025-05-15,1,7,2.06
2025-05-15,1,8,8.76
2025-05-15,1,9,1.43
2025-05-15,1,10,4.6
2025-05-15,2,1,3.42
2025-05-15,2,2,4.29
2025-05-15,2,3,2.68
2025-05-15,2,4,5.45
2025-05-15,2,5,6.07
2025-05-15,2,6,0.65
2025-05-15,2,7,1.71
2025-05-15,2,8,7.81
2025-05-15,2,9,1.33
2025-05-15,2,10,4.15
2025-05-15,3,1,3.81
2025-05-15,3,2,4.78
2025-05-15,3,3,3.09
2025-05-15,3,4,5.88
2025-05-15,3,5,7.28
2025-05-15,3,6,0.72
2025-05-15,3,7,2.03
2025-05-15,3,8,9.32
2025-05-15,3,9,1.44
2025-05-15,3,10,4.41
2025-05-15,4,1,4.1
2025-05-15,4,2,5.16
2025-05-15,4,3,3.0
2025-05-15,4,4,6.04
2025-05-15,4,5,6.98
2025-05-15,4,6,0.74
2025-05-15,4,7,2.13
2025-05-15,4,8,9.15
2025-05-15,4,9,1.54
2025-05-15,4,10,4.63
2025-05-15,5,1,3.88
2025-05-15,5,2,4.88
2025-05-15,5,3,3.08
2025-05-15,5,4,6.28
2025-05-15,5,5,7.15
2025-05-15,5,6,0.72
2025-05-15,5,7,2.08
2025-05-15,5,8,9.19
2025-05-15,5,9,1.5
2025-05-15,5,10,4.5
2025-05-15,6,1,3.39
2025-05-15,6,2,4.21
2025-05-15,6,3,2.46
2025-05-15,6,4,5.23
2025-05-15,6,5,6.17
2025-05-15,6,6,0.58
2025-05-15,6,7,1.7
2025-05-15,6,8,7.33
2025-05-15,6,9,1.31
2025-05-15,6,10,3.8
2025-05-15,7,1,3.36
2025-05-15,7,2,4.4
2025-05-15,7,3,2.44
2025-05-15,7,4,5.25
2025-05-15,7,5,6.07
2025-05-15,7,6,0.56
2025-05-15,7,7,1.64
2025-05-15,7,8,7.43
2025-05-15,7,9,1.22
2025-05-15,7,10,3.93
2025-05-15,8,1,3.15
2025-05-15,8,2,3.89
2025-05-15,8,3,2.28
2025-05-15,8,4,4.77
2025-05-15,8,5,5.58
2025-05-15,8,6,0.56
2025-05-15,8,7,1.64
2025-05-15,8,8,7.36
2025-05-15,8,9,1.19
2025-05-15,8,10,3.44
2025-05-15,9,1,4.05
2025-05-15,9,2,5.14
2025-05-15,9,3,3.02
2025-05-15,9,4,6.3
2025-05-15,9,5,7.43
2025-05-15,9,6,0.7
2025-05-15,9,7,2.0
2025-05-15,9,8,9.74
2025-05-15,9,9,1.6
2025-05-15,9,10,4.9
2025-05-15,10,1,3.8
2025-05-15,10,2,5.14
2025-05-15,10,3,2.88
2025-05-15,10,4,6.13
2025-05-15,10,5,7.06
2025-05-15,10,6,0.68
2025-05-15,10,7,2.03
2025-05-15,10,8,9.36
2025-05-15,10,9,1.45
2025-05-15,10,10,4.45
2025-05-15,11,1,3.5
2025-05-15,11,2,4.38
2025-05-15,11,3,2.78
2025-05-15,11,4,5.65
2025-05-15,11,5,5.98
2025-05-15,11,6,0.6
2025-05-15,11,7,1.76
2025-05-15,11,8,8.18
2025-05-15,11,9,1.3
2025-05-15,11,10,4.22
2025-05-15,12,1,4.9
2025-05-15,12,2,5.85
2025-05-15,12,3,3.68
2025-05-15,12,4,7.02
2025-05-15,12,5,8.18
2025-05-15,12,6,0.85
2025-05-15,12,7,2.39
2025-05-15,12,8,10.81
2025-05-15,12,9,1.78
2025-05-15,12,10,5.62
2025-05-15,13,1,5.03
2025-05-15,13,2,6.51
2025-05-15,13,3,3.96
2025-05-15,13,4,7.97
2025-05-15,13,5,9.36
2025-05-15,13,6,0.93
2025-05-15,13,7,2.49
2025-05-15,13,8,11.16
2025-05-15,13,9,1.86
2025-05-15,13,10,6.11
2025-05-15,14,1,5.44
2025-05-15,14,2,6.35
2025-05-15,14,3,4.06
2025-05-15,14,4,7.85
2025-05-15,14,5,8.87
2025-05-15,14,6,0.91
2025-05-15,14,7,2.61
2025-05-15,14,8,11.77
2025-05-15,14,9,1.85
2025-05-15,14,10,5.87
2025-05-15,15,1,3.34
2025-05-15,15,2,4.26
2025-05-15,15,3,2.62
2025-05-15,15,4,4.89
2025-05-15,15,5,6.01
2025-05-15,15,6,0.57
2025-05-15,15,7,1.67
2025-05-15,15,8,7.51
2025-05-15,15,9,1.23
2025-05-15,15,10,3.91
2025-05-14,1,1,4.03
2025-05-14,1,2,4.84
2025-05-14,1,3,3.03
2025-05-14,1,4,6.12
2025-05-14,1,5,6.75
2025-05-14,1,6,0.69
2025-05-14,1,7,1.91
2025-05-14,1,8,8.62
2025-05-14,1,9,1.55
2025-05-14,1,10,4.55
2025-05-14,2,1,3.71
2025-05-14,2,2,4.6
2025-05-14,2,3,2.69
2025-05-14,2,4,5.17
2025-05-14,2,5,6.08
2025-05-14,2,6,0.63
2025-05-14,2,7,1.83
2025-05-14,2,8,8.33
2025-05-14,2,9,1.31
2025-05-14,2,10,3.99
2025-05-14,3,1,3.89
2025-05-14,3,2,5.02
2025-05-14,3,3,2.85
2025-05-14,3,4,5.84
2025-05-14,3,5,7.1
2025-05-14,3,6,0.66
2025-05-14,3,7,1.97
2025-05-14,3,8,9.2
2025-05-14,3,9,1.45
2025-05-14,3,10,4.44
2025-05-14,4,1,4.3
2025-05-14,4,2,5.19
2025-05-14,4,3,3.2
2025-05-14,4,4,6.08
2025-05-14,4,5,6.99
2025-05-14,4,6,0.76
2025-05-14,4,7,2.1
2025-05-14,4,8,9.11
2025-05-14,4,9,1.63
2025-05-14,4,10,4.68
2025-05-14,5,1,4.08
2025-05-14,5,2,5.07
2025-05-14,5,3,3.07
2025-05-14,5,4,6.0
2025-05-14,5,5,6.89
2025-05-14,5,6,0.66
2025-05-14,5,7,1.94
2025-05-14,5,8,8.9
2025-05-14,5,9,1.42
2025-05-14,5,10,4.61
2025-05-14,6,1,3.34
2025-05-14,6,2,4.03
2025-05-14,6,3,2.64
2025-05-14,6,4,4.89
2025-05-14,6,5,5.97
2025-05-14,6,6,0.58
2025-05-14,6,7,1.76
2025-05-14,6,8,7.99
2025-05-14,6,9,1.28
2025-05-14,6,10,3.96
2025-05-14,7,1,3.42
2025-05-14,7,2,4.34
2025-05-14,7,3,2.64
2025-05-14,7,4,5.21
2025-05-14,7,5,5.77
2025-05-14,7,6,0.59
2025-05-14,7,7,1.7
2025-05-14,7,8,7.29
2025-05-14,7,9,1.29
2025-05-14,7,10,3.71
2025-05-14,8,1,3.1
2025-05-14,8,2,3.98
2025-05-14,8,3,2.46
2025-05-14,8,4,4.56
2025-05-14,8,5,5.43
2025-05-14,8,6,0.56
2025-05-14,8,7,1.66
2025-05-14,8,8,7.49
2025-05-14,8,9,1.22
2025-05-14,8,10,3.61
2025-05-14,9,1,3.98
2025-05-14,9,2,5.0
2025-05-14,9,3,3.02
2025-05-14,9,4,6.56
2025-05-14,9,5,7.64
2025-05-14,9,6,0.73
2025-05-14,9,7,2.08
2025-05-14,9,8,9.49
2025-05-14,9,9,1.58
2025-05-14,9,10,4.51
2025-05-14,10,1,3.99
2025-05-14,10,2,4.88
2025-05-14,10,3,2.85
2025-05-14,10,4,5.71
2025-05-14,10,5,6.66
2025-05-14,10,6,0.68
2025-05-14,10,7,1.97
2025-05-14,10,8,8.91
2025-05-14,10,9,1.44
2025-05-14,10,10,4.57
2025-05-14,11,1,3.58
2025-05-14,11,2,4.46
2025-05-14,11,3,2.61
2025-05-14,11,4,5.25
2025-05-14,11,5,6.42
2025-05-14,11,6,0.6
2025-05-14,11,7,1.83
2025-05-14,11,8,7.91
2025-05-14,11,9,1.41
2025-05-14,11,10,4.07
2025-05-14,12,1,4.73
2025-05-14,12,2,6.11
2025-05-14,12,3,3.62
2025-05-14,12,4,6.84
2025-05-14,12,5,8.36
2025-05-14,12,6,0.84
2025-05-14,12,7,2.43
2025-05-14,12,8,11.14
2025-05-14,12,9,1.75
2025-05-14,12,10,5.31
2025-05-14,13,1,5.02
2025-05-14,13,2,6.74
2025-05-14,13,3,3.74
2025-05-14,13,4,7.47
2025-05-14,13,5,9.52
2025-05-14,13,6,0.93
2025-05-14,13,7,2.55
2025-05-14,13,8,11.85
2025-05-14,13,9,1.98
2025-05-14,13,10,6.06
2025-05-14,14,1,5.35
2025-05-14,14,2,6.69
2025-05-14,14,3,4.08
2025-05-14,14,4,7.94
2025-05-14,14,5,9.19
2025-05-14,14,6,0.88
2025-05-14,14,7,2.55
2025-05-14,14,8,11.57
2025-05-14,14,9,1.93
2025-05-14,14,10,5.57
2025-05-14,15,1,3.34
2025-05-14,15,2,4.42
2025-05-14,15,3,2.51
2025-05-14,15,4,5.19
2025-05-14,15,5,5.79
2025-05-14,15,6,0.58
2025-05-14,15,7,1.77
2025-05-14,15,8,8.01
2025-05-14,15,9,1.27
2025-05-14,15,10,3.93
2025-05-13,1,1,4.09
2025-05-13,1,2,4.87
2025-05-13,1,3,3.05
2025-05-13,1,4,6.04
2025-05-13,1,5,6.98
2025-05-13,1,6,0.66
2025-05-13,1,7,1.98
2025-05-13,1,8,9.16
2025-05-13,1,9,1.55
2025-05-13,1,10,4.39
2025-05-13,2,1,3.74
2025-05-13,2,2,4.59
2025-05-13,2,3,2.68
2025-05-13,2,4,5.12
2025-05-13,2,5,6.6
2025-05-13,2,6,0.6
2025-05-13,2,7,1.72
2025-05-13,2,8,7.84
2025-05-13,2,9,1.32
2025-05-13,2,10,3.99
2025-05-13,3,1,4.11
2025-05-13,3,2,5.1
2025-05-13,3,3,2.93
2025-05-13,3,4,6.0
2025-05-13,3,5,6.98
2025-05-13,3,6,0.68
2025-05-13,3,7,1.93
2025-05-13,3,8,8.84
2025-05-13,3,9,1.48
2025-05-13,3,10,4.58
2025-05-13,4,1,4.37
2025-05-13,4,2,5.09
2025-05-13,4,3,3.1
2025-05-13,4,4,6.15
2025-05-13,4,5,7.21
2025-05-13,4,6,0.69
2025-05-13,4,7,2.03
2025-05-13,4,8,9.85
2025-05-13,4,9,1.59
2025-05-13,4,10,4.49
2025-05-13,5,1,3.87
2025-05-13,5,2,4.81
2025-05-13,5,3,3.05
2025-05-13,5,4,6.14
2025-05-13,5,5,7.03
2025-05-13,5,6,0.7
2025-05-13,5,7,2.03
2025-05-13,5,8,8.79
2025-05-13,5,9,1.54
2025-05-13,5,10,4.49
2025-05-13,6,1,3.48
2025-05-13,6,2,4.1
2025-05-13,6,3,2.53
2025-05-13,6,4,4.91
2025-05-13,6,5,5.86
2025-05-13,6,6,0.6
2025-05-13,6,7,1.72
2025-05-13,6,8,7.79
2025-05-13,6,9,1.28
2025-05-13,6,10,3.64
2025-05-13,7,1,3.32
2025-05-13,7,2,4.36
2025-05-13,7,3,2.51
2025-05-13,7,4,5.26
2025-05-13,7,5,6.1
2025-05-13,7,6,0.6
2025-05-13,7,7,1.68
2025-05-13,7,8,7.42
2025-05-13,7,9,1.3
2025-05-13,7,10,3.75
2025-05-13,8,1,3.05
2025-05-13,8,2,3.82
2025-05-13,8,3,2.44
2025-05-13,8,4,4.68
2025-05-13,8,5,5.77
2025-05-13,8,6,0.53
2025-05-13,8,7,1.59
2025-05-13,8,8,6.91
2025-05-13,8,9,1.15
2025-05-13,8,10,3.52
2025-05-13,9,1,4.33
2025-05-13,9,2,5.15
2025-05-13,9,3,3.26
2025-05-13,9,4,6.54
2025-05-13,9,5,7.65
2025-05-13,9,6,0.75
2025-05-13,9,7,2.12
2025-05-13,9,8,9.5
2025-05-13,9,9,1.62
2025-05-13,9,10,4.58
2025-05-13,10,1,3.99
2025-05-13,10,2,5.0
2025-05-13,10,3,2.93
2025-05-13,10,4,5.78
2025-05-13,10,5,6.82
2025-05-13,10,6,0.7
2025-05-13,10,7,2.0
2025-05-13,10,8,9.08
2025-05-13,10,9,1.45
2025-05-13,10,10,4.63
2025-05-13,11,1,3.72
2025-05-13,11,2,4.46
2025-05-13,11,3,2.58
2025-05-13,11,4,5.18
2025-05-13,11,5,5.99
2025-05-13,11,6,0.59
2025-05-13,11,7,1.82
2025-05-13,11,8,7.75
2025-05-13,11,9,1.28
2025-05-13,11,10,4.1
2025-05-13,12,1,4.67
2025-05-13,12,2,6.0
2025-05-13,12,3,3.5
2025-05-13,12,4,7.2
2025-05-13,12,5,7.99
2025-05-13,12,6,0.81
2025-05-13,12,7,2.4
2025-05-13,12,8,11.25
2025-05-13,12,9,1.79
2025-05-13,12,10,5.65
2025-05-13,13,1,5.27
2025-05-13,13,2,6.22
2025-05-13,13,3,3.77
2025-05-13,13,4,7.54
2025-05-13,13,5,8.83
2025-05-13,13,6,0.94
2025-05-13,13,7,2.55
2025-05-13,13,8,11.45
2025-05-13,13,9,1.9
2025-05-13,13,10,5.86
2025-05-13,14,1,5.37
2025-05-13,14,2,6.19
2025-05-13,14,3,3.97
2025-05-13,14,4,7.83
2025-05-13,14,5,9.08
2025-05-13,14,6,0.87
2025-05-13,14,7,2.53
2025-05-13,14,8,11.98
2025-05-13,14,9,1.87
2025-05-13,14,10,6.03
2025-05-13,15,1,3.39
2025-05-13,15,2,4.28
2025-05-13,15,3,2.46
2025-05-13,15,4,4.86
2025-05-13,15,5,5.67
2025-05-13,15,6,0.59
2025-05-13,15,7,1.64
2025-05-13,15,8,7.68
2025-05-13,15,9,1.26
2025-05-13,15,10,3.83
2025-05-12,1,1,4.18
2025-05-12,1,2,4.89
2025-05-12,1,3,3.01
2025-05-12,1,4,5.82
2025-05-12,1,5,7.11
2025-05-12,1,6,0.72
2025-05-12,1,7,1.92
2025-05-12,1,8,9.28
2025-05-12,1,9,1.52
2025-05-12,1,10,4.32
2025-05-12,2,1,3.73
2025-05-12,2,2,4.42
2025-05-12,2,3,2.71
2025-05-12,2,4,5.5
2025-05-12,2,5,6.41
2025-05-12,2,6,0.64
2025-05-12,2,7,1.82
2025-05-12,2,8,8.05
2025-05-12,2,9,1.32
2025-05-12,2,10,4.19
2025-05-12,3,1,4.11
2025-05-12,3,2,4.95
2025-05-12,3,3,2.98
2025-05-12,3,4,6.25
2025-05-12,3,5,7.29
2025-05-12,3,6,0.67
2025-05-12,3,7,2.04
2025-05-12,3,8,9.04
2025-05-12,3,9,1.46
2025-05-12,3,10,4.51
2025-05-12,4,1,4.32
2025-05-12,4,2,5.48
2025-05-12,4,3,3.24
2025-05-12,4,4,6.12
2025-05-12,4,5,7.05
2025-05-12,4,6,0.71
2025-05-12,4,7,2.0
2025-05-12,4,8,9.6
2025-05-12,4,9,1.63
2025-05-12,4,10,4.73
2025-05-12,5,1,4.03
2025-05-12,5,2,4.87
2025-05-12,5,3,2.9
2025-05-12,5,4,6.16
2025-05-12,5,5,7.14
2025-05-12,5,6,0.69
2025-05-12,5,7,1.97
2025-05-12,5,8,9.09
2025-05-12,5,9,1.51
2025-05-12,5,10,4.59
2025-05-12,6,1,3.29
2025-05-12,6,2,4.33
2025-05-12,6,3,2.63
2025-05-12,6,4,4.85
2025-05-12,6,5,6.05
2025-05-12,6,6,0.6
2025-05-12,6,7,1.66
2025-05-12,6,8,7.95
2025-05-12,6,9,1.25
2025-05-12,6,10,3.86
2025-05-12,7,1,3.32
2025-05-12,7,2,4.43
2025-05-12,7,3,2.44
2025-05-12,7,4,4.97
2025-05-12,7,5,6.21
2025-05-12,7,6,0.59
2025-05-12,7,7,1.71
2025-05-12,7,8,8.0
2025-05-12,7,9,1.31
2025-05-12,7,10,3.96
2025-05-12,8,1,3.04
2025-05-12,8,2,3.88
2025-05-12,8,3,2.46
2025-05-12,8,4,4.97
2025-05-12,8,5,5.48
2025-05-12,8,6,0.57
2025-05-12,8,7,1.64
2025-05-12,8,8,7.41
2025-05-12,8,9,1.23
2025-05-12,8,10,3.65
2025-05-12,9,1,4.34
2025-05-12,9,2,5.25
2025-05-12,9,3,3.28
2025-05-12,9,4,6.02
2025-05-12,9,5,7.16
2025-05-12,9,6,0.75
2025-05-12,9,7,2.04
2025-05-12,9,8,9.65
2025-05-12,9,9,1.58
2025-05-12,9,10,4.54
2025-05-12,10,1,3.8
2025-05-12,10,2,4.83
2025-05-12,10,3,3.01
2025-05-12,10,4,6.2
2025-05-12,10,5,7.21
2025-05-12,10,6,0.68
2025-05-12,10,7,2.04
2025-05-12,10,8,8.61
2025-05-12,10,9,1.55
2025-05-12,10,10,4.56
2025-05-12,11,1,3.61
2025-05-12,11,2,4.4
2025-05-12,11,3,2.67
2025-05-12,11,4,5.22
2025-05-12,11,5,6.08
2025-05-12,11,6,0.6
2025-05-12,11,7,1.76
2025-05-12,11,8,8.07
2025-05-12,11,9,1.39
2025-05-12,11,10,4.23
2025-05-12,12,1,4.74
2025-05-12,12,2,5.99
2025-05-12,12,3,3.49
2025-05-12,12,4,7.08
2025-05-12,12,5,8.17
2025-05-12,12,6,0.8
2025-05-12,12,7,2.3
2025-05-12,12,8,11.31
2025-05-12,12,9,1.7
2025-05-12,12,10,5.64
2025-05-12,13,1,5.18
2025-05-12,13,2,6.24
2025-05-12,13,3,3.73
2025-05-12,13,4,7.75
2025-05-12,13,5,8.72
2025-05-12,13,6,0.88
2025-05-12,13,7,2.6
2025-05-12,13,8,11.53
2025-05-12,13,9,1.92
2025-05-12,13,10,6.0
2025-05-12,14,1,5.4
2025-05-12,14,2,6.68
2025-05-12,14,3,3.85
2025-05-12,14,4,7.63
2025-05-12,14,5,9.38
2025-05-12,14,6,0.89
2025-05-12,14,7,2.69
2025-05-12,14,8,11.63
2025-05-12,14,9,2.02
2025-05-12,14,10,5.84
2025-05-12,15,1,3.25
2025-05-12,15,2,4.09
2025-05-12,15,3,2.51
2025-05-12,15,4,4.98
2025-05-12,15,5,5.78
2025-05-12,15,6,0.58
2025-05-12,15,7,1.75
2025-05-12,15,8,7.56
2025-05-12,15,9,1.21
2025-05-12,15,10,3.88
2025-05-11,1,1,3.94
2025-05-11,1,2,5.01
2025-05-11,1,3,2.89
2025-05-11,1,4,5.8
2025-05-11,1,5,6.91
2025-05-11,1,6,0.69
2025-05-11,1,7,1.98
2025-05-11,1,8,8.65
2025-05-11,1,9,1.55
2025-05-11,1,10,4.49
2025-05-11,2,1,3.55
2025-05-11,2,2,4.45
2025-05-11,2,3,2.64
2025-05-11,2,4,5.27
2025-05-11,2,5,6.07
2025-05-11,2,6,0.65
2025-05-11,2,7,1.84
2025-05-11,2,8,7.78
2025-05-11,2,9,1.32
2025-05-11,2,10,4.17
2025-05-11,3,1,3.9
2025-05-11,3,2,4.97
2025-05-11,3,3,2.93
2025-05-11,3,4,6.06
2025-05-11,3,5,7.24
2025-05-11,3,6,0.71
2025-05-11,3,7,1.99
2025-05-11,3,8,9.16
2025-05-11,3,9,1.42
2025-05-11,3,10,4.55
2025-05-11,4,1,4.25
2025-05-11,4,2,5.33
2025-05-11,4,3,3.03
2025-05-11,4,4,6.29
2025-05-11,4,5,7.45
2025-05-11,4,6,0.7
2025-05-11,4,7,1.99
2025-05-11,4,8,9.27
2025-05-11,4,9,1.59
2025-05-11,4,10,4.61
2025-05-11,5,1,4.07
2025-05-11,5,2,5.11
2025-05-11,5,3,2.85
2025-05-11,5,4,5.84
2025-05-11,5,5,6.91
2025-05-11,5,6,0.7
2025-05-11,5,7,2.08
2025-05-11,5,8,9.2
2025-05-11,5,9,1.54
2025-05-11,5,10,4.62
2025-05-11,6,1,3.31
2025-05-11,6,2,4.44
2025-05-11,6,3,2.64
2025-05-11,6,4,4.87
2025-05-11,6,5,5.95
2025-05-11,6,6,0.56
2025-05-11,6,7,1.7
2025-05-11,6,8,7.51
2025-05-11,6,9,1.29
2025-05-11,6,10,3.74
2025-05-11,7,1,3.33
2025-05-11,7,2,4.12
2025-05-11,7,3,2.44
2025-05-11,7,4,5.08
2025-05-11,7,5,5.85
2025-05-11,7,6,0.58
2025-05-11,7,7,1.73
2025-05-11,7,8,7.54
2025-05-11,7,9,1.23
2025-05-11,7,10,3.69
2025-05-11,8,1,3.17
2025-05-11,8,2,3.86
2025-05-11,8,3,2.42
2025-05-11,8,4,4.97
2025-05-11,8,5,5.59
2025-05-11,8,6,0.54
2025-05-11,8,7,1.65
2025-05-11,8,8,6.97
2025-05-11,8,9,1.2
2025-05-11,8,10,3.52
2025-05-11,9,1,4.24
2025-05-11,9,2,5.2
2025-05-11,9,3,3.22
2025-05-11,9,4,6.19
2025-05-11,9,5,7.41
2025-05-11,9,6,0.7
2025-05-11,9,7,2.09
2025-05-11,9,8,9.68
2025-05-11,9,9,1.52
2025-05-11,9,10,4.73
2025-05-11,10,1,4.08
2025-05-11,10,2,5.2
2025-05-11,10,3,2.96
2025-05-11,10,4,5.71
2025-05-11,10,5,6.76
2025-05-11,10,6,0.67
2025-05-11,10,7,2.06
2025-05-11,10,8,8.81
2025-05-11,10,9,1.43
2025-05-11,10,10,4.34
2025-05-11,11,1,3.54
2025-05-11,11,2,4.38
2025-05-11,11,3,2.81
2025-05-11,11,4,5.31
2025-05-11,11,5,6.44
2025-05-11,11,6,0.63
2025-05-11,11,7,1.73
2025-05-11,11,8,7.8
2025-05-11,11,9,1.37
2025-05-11,11,10,3.99
2025-05-11,12,1,4.88
2025-05-11,12,2,5.79
2025-05-11,12,3,3.53
2025-05-11,12,4,7.05
2025-05-11,12,5,8.25
2025-05-11,12,6,0.85
2025-05-11,12,7,2.39
2025-05-11,12,8,11.03
2025-05-11,12,9,1.74
2025-05-11,12,10,5.54
2025-05-11,13,1,4.99
2025-05-11,13,2,6.32
2025-05-11,13,3,3.92
2025-05-11,13,4,7.84
2025-05-11,13,5,9.19
2025-05-11,13,6,0.93
2025-05-11,13,7,2.52
2025-05-11,13,8,11.45
2025-05-11,13,9,2.0
2025-05-11,13,10,5.56
2025-05-11,14,1,5.33
2025-05-11,14,2,6.34
2025-05-11,14,3,4.02
2025-05-11,14,4,7.66
2025-05-11,14,5,8.7
2025-05-11,14,6,0.93
2025-05-11,14,7,2.63
2025-05-11,14,8,11.56
2025-05-11,14,9,2.03
2025-05-11,14,10,6.01
2025-05-11,15,1,3.5
2025-05-11,15,2,4.21
2025-05-11,15,3,2.57
2025-05-11,15,4,5.17
2025-05-11,15,5,6.16
2025-05-11,15,6,0.58
2025-05-11,15,7,1.77
2025-05-11,15,8,7.61
2025-05-11,15,9,1.31
2025-05-11,15,10,3.77
2025-05-10,1,1,3.91
2025-05-10,1,2,4.77
2025-05-10,1,3,3.0
2025-05-10,1,4,6.23
2025-05-10,1,5,7.02
2025-05-10,1,6,0.69
2025-05-10,1,7,2.09
2025-05-10,1,8,8.6
2025-05-10,1,9,1.46
2025-05-10,1,10,4.43
2025-05-10,2,1,3.69
2025-05-10,2,2,4.43
2025-05-10,2,3,2.72
2025-05-10,2,4,5.55
2025-05-10,2,5,6.27
2025-05-10,2,6,0.64
2025-05-10,2,7,1.77
2025-05-10,2,8,8.25
2025-05-10,2,9,1.31
2025-05-10,2,10,3.93
2025-05-10,3,1,4.01
2025-05-10,3,2,4.8
2025-05-10,3,3,2.86
2025-05-10,3,4,6.06
2025-05-10,3,5,6.74
2025-05-10,3,6,0.69
2025-05-10,3,7,2.06
2025-05-10,3,8,9.28
2025-05-10,3,9,1.5
2025-05-10,3,10,4.41
2025-05-10,4,1,4.08
2025-05-10,4,2,5.36
2025-05-10,4,3,3.11
2025-05-10,4,4,6.25
2025-05-10,4,5,7.27
2025-05-10,4,6,0.72
2025-05-10,4,7,2.07
2025-05-10,4,8,9.79
2025-05-10,4,9,1.62
2025-05-10,4,10,4.69
2025-05-10,5,1,3.82
2025-05-10,5,2,5.19
2025-05-10,5,3,3.02
2025-05-10,5,4,5.72
2025-05-10,5,5,7.21
2025-05-10,5,6,0.66
2025-05-10,5,7,2.07
2025-05-10,5,8,8.89
2025-05-10,5,9,1.48
2025-05-10,5,10,4.66
2025-05-10,6,1,3.45
2025-05-10,6,2,4.4
2025-05-10,6,3,2.67
2025-05-10,6,4,4.96
2025-05-10,6,5,6.03
2025-05-10,6,6,0.57
2025-05-10,6,7,1.65
2025-05-10,6,8,7.3
2025-05-10,6,9,1.32
2025-05-10,6,10,3.84
2025-05-10,7,1,3.34
2025-05-10,7,2,4.13
2025-05-10,7,3,2.44
2025-05-10,7,4,5.05
2025-05-10,7,5,6.12
2025-05-10,7,6,0.58
2025-05-10,7,7,1.7
2025-05-10,7,8,7.93
2025-05-10,7,9,1.23
2025-05-10,7,10,3.69
2025-05-10,8,1,3.32
2025-05-10,8,2,3.93
2025-05-10,8,3,2.36
2025-05-10,8,4,4.94
2025-05-10,8,5,5.37
2025-05-10,8,6,0.57
2025-05-10,8,7,1.56
2025-05-10,8,8,7.21
2025-05-10,8,9,1.24
2025-05-10,8,10,3.45
2025-05-10,9,1,4.09
2025-05-10,9,2,5.04
2025-05-10,9,3,2.99
2025-05-10,9,4,6.17
2025-05-10,9,5,7.52
2025-05-10,9,6,0.73
2025-05-10,9,7,2.08
2025-05-10,9,8,9.88
2025-05-10,9,9,1.61
2025-05-10,9,10,4.87
2025-05-10,10,1,4.09
2025-05-10,10,2,5.01
2025-05-10,10,3,3.05
2025-05-10,10,4,6.01
2025-05-10,10,5,7.08
2025-05-10,10,6,0.68
2025-05-10,10,7,1.9
2025-05-10,10,8,9.23
2025-05-10,10,9,1.49
2025-05-10,10,10,4.63
2025-05-10,11,1,3.56
2025-05-10,11,2,4.66
2025-05-10,11,3,2.61
2025-05-10,11,4,5.47
2025-05-10,11,5,6.24
2025-05-10,11,6,0.6
2025-05-10,11,7,1.73
2025-05-10,11,8,8.13
2025-05-10,11,9,1.34
2025-05-10,11,10,4.24
2025-05-10,12,1,4.76
2025-05-10,12,2,6.23
2025-05-10,12,3,3.52
2025-05-10,12,4,7.53
2025-05-10,12,5,8.17
2025-05-10,12,6,0.83
2025-05-10,12,7,2.46
2025-05-10,12,8,10.75
2025-05-10,12,9,1.78
2025-05-10,12,10,5.43
2025-05-10,13,1,5.4
2025-05-10,13,2,6.79
2025-05-10,13,3,3.8
2025-05-10,13,4,7.52
2025-05-10,13,5,8.68
2025-05-10,13,6,0.93
2025-05-10,13,7,2.7
2025-05-10,13,8,11.96
2025-05-10,13,9,1.97
2025-05-10,13,10,5.72
2025-05-10,14,1,5.32
2025-05-10,14,2,6.39
2025-05-10,14,3,4.07
2025-05-10,14,4,7.47
2025-05-10,14,5,9.42
2025-05-10,14,6,0.86
2025-05-10,14,7,2.61
2025-05-10,14,8,12.14
2025-05-10,14,9,2.0
2025-05-10,14,10,5.61
2025-05-10,15,1,3.53
2025-05-10,15,2,4.21
2025-05-10,15,3,2.5
2025-05-10,15,4,5.2
2025-05-10,15,5,5.94
2025-05-10,15,6,0.56
2025-05-10,15,7,1.66
2025-05-10,15,8,7.54
2025-05-10,15,9,1.33
2025-05-10,15,10,3.69
2025-05-09,1,1,4.0
2025-05-09,1,2,5.13
2025-05-09,1,3,2.89
2025-05-09,1,4,5.93
2025-05-09,1,5,6.76
2025-05-09,1,6,0.72
2025-05-09,1,7,1.97
2025-05-09,1,8,9.06
2025-05-09,1,9,1.42
2025-05-09,1,10,4.55
2025-05-09,2,1,3.73
2025-05-09,2,2,4.31
2025-05-09,2,3,2.76
2025-05-09,2,4,5.65
2025-05-09,2,5,6.03
2025-05-09,2,6,0.64
2025-05-09,2,7,1.75
2025-05-09,2,8,8.05
2025-05-09,2,9,1.33
2025-05-09,2,10,4.03
2025-05-09,3,1,4.08
2025-05-09,3,2,5.1
2025-05-09,3,3,3.07
2025-05-09,3,4,6.02
2025-05-09,3,5,6.65
2025-05-09,3,6,0.67
2025-05-09,3,7,1.95
2025-05-09,3,8,8.61
2025-05-09,3,9,1.54
2025-05-09,3,10,4.32
2025-05-09,4,1,4.39
2025-05-09,4,2,5.33
2025-05-09,4,3,3.15
2025-05-09,4,4,6.28
2025-05-09,4,5,7.24
2025-05-09,4,6,0.69
2025-05-09,4,7,2.16
2025-05-09,4,8,9.36
2025-05-09,4,9,1.53
2025-05-09,4,10,4.6
2025-05-09,5,1,4.1
2025-05-09,5,2,5.13
2025-05-09,5,3,2.99
2025-05-09,5,4,6.11
2025-05-09,5,5,7.11
2025-05-09,5,6,0.72
2025-05-09,5,7,1.98
2025-05-09,5,8,9.37
2025-05-09,5,9,1.52
2025-05-09,5,10,4.4
2025-05-09,6,1,3.48
2025-05-09,6,2,4.15
2025-05-09,6,3,2.54
2025-05-09,6,4,5.17
2025-05-09,6,5,5.71
2025-05-09,6,6,0.61
2025-05-09,6,7,1.71
2025-05-09,6,8,7.62
2025-05-09,6,9,1.24
2025-05-09,6,10,3.96
2025-05-09,7,1,3.31
2025-05-09,7,2,4.24
2025-05-09,7,3,2.53
2025-05-09,7,4,4.92
2025-05-09,7,5,6.04
2025-05-09,7,6,0.6
2025-05-09,7,7,1.68
2025-05-09,7,8,7.95
2025-05-09,7,9,1.27
2025-05-09,7,10,3.67
2025-05-09,8,1,3.04
2025-05-09,8,2,3.8
2025-05-09,8,3,2.34
2025-05-09,8,4,4.78
2025-05-09,8,5,5.76
2025-05-09,8,6,0.56
2025-05-09,8,7,1.62
2025-05-09,8,8,6.91
2025-05-09,8,9,1.21
2025-05-09,8,10,3.47
2025-05-09,9,1,4.35
2025-05-09,9,2,5.02
2025-05-09,9,3,3.29
2025-05-09,9,4,6.07
2025-05-09,9,5,7.45
2025-05-09,9,6,0.75
2025-05-09,9,7,2.12
2025-05-09,9,8,9.86
2025-05-09,9,9,1.56
2025-05-09,9,10,4.57
2025-05-09,10,1,3.99
2025-05-09,10,2,5.16
2025-05-09,10,3,3.08
2025-05-09,10,4,5.73
2025-05-09,10,5,7.17
2025-05-09,10,6,0.71
2025-05-09,10,7,1.9
2025-05-09,10,8,9.0
2025-05-09,10,9,1.46
2025-05-09,10,10,4.53
2025-05-09,11,1,3.56
2025-05-09,11,2,4.66
2025-05-09,11,3,2.65
2025-05-09,11,4,5.2
2025-05-09,11,5,6.24
2025-05-09,11,6,0.6
2025-05-09,11,7,1.72
2025-05-09,11,8,8.28
2025-05-09,11,9,1.33
2025-05-09,11,10,3.91
2025-05-09,12,1,4.7
2025-05-09,12,2,6.12
2025-05-09,12,3,3.5
2025-05-09,12,4,6.87
2025-05-09,12,5,8.17
2025-05-09,12,6,0.84
2025-05-09,12,7,2.41
2025-05-09,12,8,10.26
2025-05-09,12,9,1.8
2025-05-09,12,10,5.64
2025-05-09,13,1,5.01
2025-05-09,13,2,6.22
2025-05-09,13,3,3.71
2025-05-09,13,4,7.85
2025-05-09,13,5,9.53
2025-05-09,13,6,0.92
2025-05-09,13,7,2.7
2025-05-09,13,8,12.16
2025-05-09,13,9,1.85
2025-05-09,13,10,6.01
2025-05-09,14,1,5.26
2025-05-09,14,2,6.56
2025-05-09,14,3,3.92
2025-05-09,14,4,7.97
2025-05-09,14,5,8.95
2025-05-09,14,6,0.91
2025-05-09,14,7,2.63
2025-05-09,14,8,11.21
2025-05-09,14,9,1.97
2025-05-09,14,10,5.65
2025-05-09,15,1,3.27
2025-05-09,15,2,4.06
2025-05-09,15,3,2.55
2025-05-09,15,4,5.11
2025-05-09,15,5,6.17
2025-05-09,15,6,0.59
2025-05-09,15,7,1.62
2025-05-09,15,8,7.6
2025-05-09,15,9,1.26
2025-05-09,15,10,3.84
2025-05-08,1,1,4.07
2025-05-08,1,2,4.97
2025-05-08,1,3,2.9
2025-05-08,1,4,6.17
2025-05-08,1,5,6.74
2025-05-08,1,6,0.68
2025-05-08,1,7,1.92
2025-05-08,1,8,9.11
2025-05-08,1,9,1.52
2025-05-08,1,10,4.67
2025-05-08,2,1,3.42
2025-05-08,2,2,4.37
2025-05-08,2,3,2.69
2025-05-08,2,4,5.3
2025-05-08,2,5,6.32
2025-05-08,2,6,0.63
2025-05-08,2,7,1.78
2025-05-08,2,8,7.73
2025-05-08,2,9,1.39
2025-05-08,2,10,4.24
2025-05-08,3,1,3.82
2025-05-08,3,2,5.23
2025-05-08,3,3,3.03
2025-05-08,3,4,5.75
2025-05-08,3,5,6.82
2025-05-08,3,6,0.71
2025-05-08,3,7,1.93
2025-05-08,3,8,8.56
2025-05-08,3,9,1.45
2025-05-08,3,10,4.58
2025-05-08,4,1,4.16
2025-05-08,4,2,5.32
2025-05-08,4,3,3.2
2025-05-08,4,4,6.3
2025-05-08,4,5,7.48
2025-05-08,4,6,0.72
2025-05-08,4,7,2.18
2025-05-08,4,8,9.07
2025-05-08,4,9,1.49
2025-05-08,4,10,4.62
2025-05-08,5,1,3.91
2025-05-08,5,2,4.88
2025-05-08,5,3,3.12
2025-05-08,5,4,6.28
2025-05-08,5,5,7.18
2025-05-08,5,6,0.7
2025-05-08,5,7,2.0
2025-05-08,5,8,9.24
2025-05-08,5,9,1.43
2025-05-08,5,10,4.42
2025-05-08,6,1,3.44
2025-05-08,6,2,4.06
2025-05-08,6,3,2.47
2025-05-08,6,4,5.12
2025-05-08,6,5,5.72
2025-05-08,6,6,0.58
2025-05-08,6,7,1.76
2025-05-08,6,8,7.87
2025-05-08,6,9,1.33
2025-05-08,6,10,3.65
2025-05-08,7,1,3.49
2025-05-08,7,2,4.4
2025-05-08,7,3,2.54
2025-05-08,7,4,5.18
2025-05-08,7,5,5.73
2025-05-08,7,6,0.6
2025-05-08,7,7,1.61
2025-05-08,7,8,7.55
2025-05-08,7,9,1.31
2025-05-08,7,10,3.67
2025-05-08,8,1,3.06
2025-05-08,8,2,4.18
2025-05-08,8,3,2.38
2025-05-08,8,4,5.01
2025-05-08,8,5,5.74
2025-05-08,8,6,0.53
2025-05-08,8,7,1.54
2025-05-08,8,8,7.52
2025-05-08,8,9,1.17
2025-05-08,8,10,3.63
2025-05-08,9,1,4.33
2025-05-08,9,2,5.22
2025-05-08,9,3,3.09
2025-05-08,9,4,6.13
2025-05-08,9,5,7.43
2025-05-08,9,6,0.76
2025-05-08,9,7,2.01
2025-05-08,9,8,9.26
2025-05-08,9,9,1.49
2025-05-08,9,10,4.54
2025-05-08,10,1,4.0
2025-05-08,10,2,5.2
2025-05-08,10,3,3.05
2025-05-08,10,4,6.18
2025-05-08,10,5,6.64
2025-05-08,10,6,0.7
2025-05-08,10,7,1.92
2025-05-08,10,8,9.17
2025-05-08,10,9,1.56
2025-05-08,10,10,4.38
2025-05-08,11,1,3.74
2025-05-08,11,2,4.62
2025-05-08,11,3,2.59
2025-05-08,11,4,5.34
2025-05-08,11,5,6.16
2025-05-08,11,6,0.6
2025-05-08,11,7,1.85
2025-05-08,11,8,8.03
2025-05-08,11,9,1.28
2025-05-08,11,10,4.19
2025-05-08,12,1,4.63
2025-05-08,12,2,6.21
2025-05-08,12,3,3.58
2025-05-08,12,4,7.05
2025-05-08,12,5,8.63
2025-05-08,12,6,0.82
2025-05-08,12,7,2.45
2025-05-08,12,8,11.31
2025-05-08,12,9,1.87
2025-05-08,12,10,5.5
2025-05-08,13,1,5.24
2025-05-08,13,2,6.4
2025-05-08,13,3,3.77
2025-05-08,13,4,7.53
2025-05-08,13,5,9.18
2025-05-08,13,6,0.89
2025-05-08,13,7,2.64
2025-05-08,13,8,11.24
2025-05-08,13,9,1.9
2025-05-08,13,10,5.88
2025-05-08,14,1,4.99
2025-05-08,14,2,6.18
2025-05-08,14,3,3.97
2025-05-08,14,4,7.86
2025-05-08,14,5,8.85
2025-05-08,14,6,0.92
2025-05-08,14,7,2.68
2025-05-08,14,8,12.12
2025-05-08,14,9,1.99
2025-05-08,14,10,5.64
2025-05-08,15,1,3.52
2025-05-08,15,2,4.31
2025-05-08,15,3,2.48
2025-05-08,15,4,4.92
2025-05-08,15,5,5.83
2025-05-08,15,6,0.58
2025-05-08,15,7,1.76
2025-05-08,15,8,7.37
2025-05-08,15,9,1.24
2025-05-08,15,10,3.99
2025-05-07,1,1,3.93
2025-05-07,1,2,5.04
2025-05-07,1,3,2.92
2025-05-07,1,4,5.95
2025-05-07,1,5,6.95
2025-05-07,1,6,0.69
2025-05-07,1,7,1.98
2025-05-07,1,8,8.9
2025-05-07,1,9,1.55
2025-05-07,1,10,4.65
2025-05-07,2,1,3.67
2025-05-07,2,2,4.52
2025-05-07,2,3,2.73
2025-05-07,2,4,5.33
2025-05-07,2,5,6.04
2025-05-07,2,6,0.59
2025-05-07,2,7,1.84
2025-05-07,2,8,7.83
2025-05-07,2,9,1.33
2025-05-07,2,10,4.19
2025-05-07,3,1,3.79
2025-05-07,3,2,4.83
2025-05-07,3,3,3.04
2025-05-07,3,4,6.12
2025-05-07,3,5,6.69
2025-05-07,3,6,0.68
2025-05-07,3,7,1.94
2025-05-07,3,8,8.79
2025-05-07,3,9,1.48
2025-05-07,3,10,4.4
2025-05-07,4,1,4.38
2025-05-07,4,2,5.02
2025-05-07,4,3,3.0
2025-05-07,4,4,6.5
2025-05-07,4,5,7.47
2025-05-07,4,6,0.74
2025-05-07,4,7,2.06
2025-05-07,4,8,8.98
2025-05-07,4,9,1.62
2025-05-07,4,10,4.66
2025-05-07,5,1,4.17
2025-05-07,5,2,4.95
2025-05-07,5,3,2.9
2025-05-07,5,4,5.96
2025-05-07,5,5,6.97
2025-05-07,5,6,0.71
2025-05-07,5,7,1.91
2025-05-07,5,8,9.0
2025-05-07,5,9,1.55
2025-05-07,5,10,4.43
2025-05-07,6,1,3.32
2025-05-07,6,2,4.38
2025-05-07,6,3,2.65
2025-05-07,6,4,5.16
2025-05-07,6,5,6.21
2025-05-07,6,6,0.6
2025-05-07,6,7,1.76
2025-05-07,6,8,7.6
2025-05-07,6,9,1.28
2025-05-07,6,10,3.75
2025-05-07,7,1,3.3
2025-05-07,7,2,4.04
2025-05-07,7,3,2.5
2025-05-07,7,4,4.85
2025-05-07,7,5,6.0
2025-05-07,7,6,0.59
2025-05-07,7,7,1.61
2025-05-07,7,8,7.52
2025-05-07,7,9,1.28
2025-05-07,7,10,3.96
2025-05-07,8,1,3.17
2025-05-07,8,2,3.91
2025-05-07,8,3,2.35
2025-05-07,8,4,4.85
2025-05-07,8,5,5.86
2025-05-07,8,6,0.54
2025-05-07,8,7,1.54
2025-05-07,8,8,7.11
2025-05-07,8,9,1.25
2025-05-07,8,10,3.63
2025-05-07,9,1,4.25
2025-05-07,9,2,5.46
2025-05-07,9,3,3.23
2025-05-07,9,4,6.33
2025-05-07,9,5,7.14
2025-05-07,9,6,0.75
2025-05-07,9,7,2.18
2025-05-07,9,8,9.29
2025-05-07,9,9,1.56
2025-05-07,9,10,4.52
2025-05-07,10,1,3.93
2025-05-07,10,2,4.97
2025-05-07,10,3,3.04
2025-05-07,10,4,5.93
2025-05-07,10,5,6.85
2025-05-07,10,6,0.7
2025-05-07,10,7,2.07
2025-05-07,10,8,8.72
2025-05-07,10,9,1.55
2025-05-07,10,10,4.29
2025-05-07,11,1,3.71
2025-05-07,11,2,4.66
2025-05-07,11,3,2.58
2025-05-07,11,4,5.59
2025-05-07,11,5,6.03
2025-05-07,11,6,0.62
2025-05-07,11,7,1.86
2025-05-07,11,8,8.21
2025-05-07,11,9,1.36
2025-05-07,11,10,4.21
2025-05-07,12,1,4.74
2025-05-07,12,2,5.87
2025-05-07,12,3,3.68
2025-05-07,12,4,6.88
2025-05-07,12,5,8.71
2025-05-07,12,6,0.87
2025-05-07,12,7,2.28
2025-05-07,12,8,11.32
2025-05-07,12,9,1.8
2025-05-07,12,10,5.32
2025-05-07,13,1,4.95
2025-05-07,13,2,6.42
2025-05-07,13,3,3.92
2025-05-07,13,4,7.98
2025-05-07,13,5,8.99
2025-05-07,13,6,0.91
2025-05-07,13,7,2.5
2025-05-07,13,8,11.36
2025-05-07,13,9,1.93
2025-05-07,13,10,5.74
2025-05-07,14,1,5.11
2025-05-07,14,2,6.55
2025-05-07,14,3,3.76
2025-05-07,14,4,7.4
2025-05-07,14,5,9.04
2025-05-07,14,6,0.9
2025-05-07,14,7,2.52
2025-05-07,14,8,11.88
2025-05-07,14,9,1.95
2025-05-07,14,10,6.05
2025-05-07,15,1,3.29
2025-05-07,15,2,4.08
2025-05-07,15,3,2.66
2025-05-07,15,4,5.07
2025-05-07,15,5,5.78
2025-05-07,15,6,0.61
2025-05-07,15,7,1.62
2025-05-07,15,8,7.34
2025-05-07,15,9,1.32
2025-05-07,15,10,3.92
2025-05-06,1,1,3.82
2025-05-06,1,2,5.16
2025-05-06,1,3,2.96
2025-05-06,1,4,5.76
2025-05-06,1,5,6.76
2025-05-06,1,6,0.66
2025-05-06,1,7,1.97
2025-05-06,1,8,9.15
2025-05-06,1,9,1.53
2025-05-06,1,10,4.56
2025-05-06,2,1,3.69
2025-05-06,2,2,4.32
2025-05-06,2,3,2.76
2025-05-06,2,4,5.4
2025-05-06,2,5,6.12
2025-05-06,2,6,0.64
2025-05-06,2,7,1.82
2025-05-06,2,8,8.28
2025-05-06,2,9,1.31
2025-05-06,2,10,3.85
2025-05-06,3,1,4.07
2025-05-06,3,2,5.0
2025-05-06,3,3,2.98
2025-05-06,3,4,5.87
2025-05-06,3,5,7.28
2025-05-06,3,6,0.71
2025-05-06,3,7,2.06
2025-05-06,3,8,9.15
2025-05-06,3,9,1.43
2025-05-06,3,10,4.48
2025-05-06,4,1,4.34
2025-05-06,4,2,5.02
2025-05-06,4,3,3.01
2025-05-06,4,4,6.21
2025-05-06,4,5,7.0
2025-05-06,4,6,0.72
2025-05-06,4,7,2.03
2025-05-06,4,8,9.67
2025-05-06,4,9,1.49
2025-05-06,4,10,4.79
2025-05-06,5,1,4.0
2025-05-06,5,2,4.75
2025-05-06,5,3,3.09
2025-05-06,5,4,5.88
2025-05-06,5,5,6.98
2025-05-06,5,6,0.72
2025-05-06,5,7,1.99
2025-05-06,5,8,9.2
2025-05-06,5,9,1.45
2025-05-06,5,10,4.38
2025-05-06,6,1,3.49
2025-05-06,6,2,4.18
2025-05-06,6,3,2.59
2025-05-06,6,4,5.1
2025-05-06,6,5,6.2
2025-05-06,6,6,0.58
2025-05-06,6,7,1.66
2025-05-06,6,8,7.54
2025-05-06,6,9,1.25
2025-05-06,6,10,3.95
2025-05-06,7,1,3.3
2025-05-06,7,2,4.26
2025-05-06,7,3,2.45
2025-05-06,7,4,5.2
2025-05-06,7,5,6.09
2025-05-06,7,6,0.59
2025-05-06,7,7,1.63
2025-05-06,7,8,7.99
2025-05-06,7,9,1.23
2025-05-06,7,10,3.8
2025-05-06,8,1,3.24
2025-05-06,8,2,3.87
2025-05-06,8,3,2.48
2025-05-06,8,4,4.75
2025-05-06,8,5,5.67
2025-05-06,8,6,0.55
2025-05-06,8,7,1.62
2025-05-06,8,8,7.5
2025-05-06,8,9,1.24
2025-05-06,8,10,3.48
2025-05-06,9,1,4.1
2025-05-06,9,2,5.29
2025-05-06,9,3,2.99
2025-05-06,9,4,6.29
2025-05-06,9,5,7.0
2025-05-06,9,6,0.69
2025-05-06,9,7,2.1
2025-05-06,9,8,9.65
2025-05-06,9,9,1.53
2025-05-06,9,10,4.86
2025-05-06,10,1,4.0
2025-05-06,10,2,5.19
2025-05-06,10,3,2.99
2025-05-06,10,4,5.87
2025-05-06,10,5,7.23
2025-05-06,10,6,0.69
2025-05-06,10,7,2.08
2025-05-06,10,8,9.23
2025-05-06,10,9,1.51
2025-05-06,10,10,4.7
2025-05-06,11,1,3.56
2025-05-06,11,2,4.41
2025-05-06,11,3,2.79
2025-05-06,11,4,5.6
2025-05-06,11,5,6.56
2025-05-06,11,6,0.62
2025-05-06,11,7,1.76
2025-05-06,11,8,8.22
2025-05-06,11,9,1.33
2025-05-06,11,10,4.04
2025-05-06,12,1,4.77
2025-05-06,12,2,6.11
2025-05-06,12,3,3.73
2025-05-06,12,4,6.94
2025-05-06,12,5,8.69
2025-05-06,12,6,0.86
2025-05-06,12,7,2.35
2025-05-06,12,8,11.23
2025-05-06,12,9,1.79
2025-05-06,12,10,5.55
2025-05-06,13,1,5.04
2025-05-06,13,2,6.18
2025-05-06,13,3,3.69
2025-05-06,13,4,7.75
2025-05-06,13,5,9.4
2025-05-06,13,6,0.88
2025-05-06,13,7,2.57
2025-05-06,13,8,12.16
2025-05-06,13,9,2.0
2025-05-06,13,10,5.85
2025-05-06,14,1,5.06
2025-05-06,14,2,6.76
2025-05-06,14,3,3.73
2025-05-06,14,4,7.51
2025-05-06,14,5,8.65
2025-05-06,14,6,0.9
2025-05-06,14,7,2.7
2025-05-06,14,8,11.78
2025-05-06,14,9,1.96
2025-05-06,14,10,5.82
2025-05-06,15,1,3.28
2025-05-06,15,2,4.19
2025-05-06,15,3,2.54
2025-05-06,15,4,5.0
2025-05-06,15,5,5.94
2025-05-06,15,6,0.58
2025-05-06,15,7,1.77
2025-05-06,15,8,7.77
2025-05-06,15,9,1.24
2025-05-06,15,10,3.63
2025-05-05,1,1,4.18
2025-05-05,1,2,5.12
2025-05-05,1,3,3.06
2025-05-05,1,4,5.94
2025-05-05,1,5,7.09
2025-05-05,1,6,0.7
2025-05-05,1,7,2.06
2025-05-05,1,8,9.15
2025-05-05,1,9,1.54
2025-05-05,1,10,4.46
2025-05-05,2,1,3.64
2025-05-05,2,2,4.35
2025-05-05,2,3,2.65
2025-05-05,2,4,5.4
2025-05-05,2,5,6.44
2025-05-05,2,6,0.6
2025-05-05,2,7,1.74
2025-05-05,2,8,7.81
2025-05-05,2,9,1.37
2025-05-05,2,10,3.97
2025-05-05,3,1,4.12
2025-05-05,3,2,5.06
2025-05-05,3,3,3.0
2025-05-05,3,4,5.97
2025-05-05,3,5,7.29
2025-05-05,3,6,0.67
2025-05-05,3,7,1.99
2025-05-05,3,8,9.08
2025-05-05,3,9,1.5
2025-05-05,3,10,4.69
2025-05-05,4,1,4.08
2025-05-05,4,2,5.34
2025-05-05,4,3,3.23
2025-05-05,4,4,6.5
2025-05-05,4,5,7.57
2025-05-05,4,6,0.73
2025-05-05,4,7,2.1
2025-05-05,4,8,9.22
2025-05-05,4,9,1.6
2025-05-05,4,10,4.62
2025-05-05,5,1,3.99
2025-05-05,5,2,4.79
2025-05-05,5,3,2.99
2025-05-05,5,4,5.77
2025-05-05,5,5,7.1
2025-05-05,5,6,0.67
2025-05-05,5,7,1.99
2025-05-05,5,8,8.87
2025-05-05,5,9,1.56
2025-05-05,5,10,4.54
2025-05-05,6,1,3.42
2025-05-05,6,2,4.26
2025-05-05,6,3,2.58
2025-05-05,6,4,5.02
2025-05-05,6,5,5.76
2025-05-05,6,6,0.6
2025-05-05,6,7,1.64
2025-05-05,6,8,7.86
2025-05-05,6,9,1.22
2025-05-05,6,10,3.78
2025-05-05,7,1,3.5
2025-05-05,7,2,4.2
2025-05-05,7,3,2.57
2025-05-05,7,4,5.16
2025-05-05,7,5,5.75
2025-05-05,7,6,0.57
2025-05-05,7,7,1.65
2025-05-05,7,8,7.85
2025-05-05,7,9,1.3
2025-05-05,7,10,3.63
2025-05-05,8,1,3.2
2025-05-05,8,2,4.05
2025-05-05,8,3,2.3
2025-05-05,8,4,4.55
2025-05-05,8,5,5.76
2025-05-05,8,6,0.54
2025-05-05,8,7,1.55
2025-05-05,8,8,7.14
2025-05-05,8,9,1.16
2025-05-05,8,10,3.63
2025-05-05,9,1,4.3
2025-05-05,9,2,5.18
2025-05-05,9,3,3.17
2025-05-05,9,4,6.56
2025-05-05,9,5,7.52
2025-05-05,9,6,0.71
2025-05-05,9,7,2.17
2025-05-05,9,8,9.79
2025-05-05,9,9,1.64
2025-05-05,9,10,4.61
2025-05-05,10,1,4.12
2025-05-05,10,2,5.14
2025-05-05,10,3,3.06
2025-05-05,10,4,6.09
2025-05-05,10,5,7.32
2025-05-05,10,6,0.7
2025-05-05,10,7,1.97
2025-05-05,10,8,9.11
2025-05-05,10,9,1.49
2025-05-05,10,10,4.31
2025-05-05,11,1,3.74
2025-05-05,11,2,4.56
2025-05-05,11,3,2.75
2025-05-05,11,4,5.32
2025-05-05,11,5,6.16
2025-05-05,11,6,0.61
2025-05-05,11,7,1.85
2025-05-05,11,8,8.18
2025-05-05,11,9,1.31
2025-05-05,11,10,4.24
2025-05-05,12,1,4.87
2025-05-05,12,2,6.07
2025-05-05,12,3,3.42
2025-05-05,12,4,7.24
2025-05-05,12,5,8.16
2025-05-05,12,6,0.84
2025-05-05,12,7,2.42
2025-05-05,12,8,10.95
2025-05-05,12,9,1.87
2025-05-05,12,10,5.52
2025-05-05,13,1,5.15
2025-05-05,13,2,6.7
2025-05-05,13,3,4.04
2025-05-05,13,4,7.6
2025-05-05,13,5,9.1
2025-05-05,13,6,0.88
2025-05-05,13,7,2.55
2025-05-05,13,8,12.06
2025-05-05,13,9,1.85
2025-05-05,13,10,6.05
2025-05-05,14,1,5.28
2025-05-05,14,2,6.18
2025-05-05,14,3,3.78
2025-05-05,14,4,8.17
2025-05-05,14,5,9.5
2025-05-05,14,6,0.91
2025-05-05,14,7,2.51
2025-05-05,14,8,11.56
2025-05-05,14,9,1.92
2025-05-05,14,10,6.09
2025-05-05,15,1,3.41
2025-05-05,15,2,4.16
2025-05-05,15,3,2.48
2025-05-05,15,4,4.9
2025-05-05,15,5,5.94
2025-05-05,15,6,0.56
2025-05-05,15,7,1.71
2025-05-05,15,8,7.63
2025-05-05,15,9,1.23
2025-05-05,15,10,3.84
2025-05-04,1,1,3.94
2025-05-04,1,2,4.96
2025-05-04,1,3,2.85
2025-05-04,1,4,5.7
2025-05-04,1,5,6.94
2025-05-04,1,6,0.71
2025-05-04,1,7,2.07
2025-05-04,1,8,9.06
2025-05-04,1,9,1.54
2025-05-04,1,10,4.54
2025-05-04,2,1,3.64
2025-05-04,2,2,4.65
2025-05-04,2,3,2.65
2025-05-04,2,4,5.44
2025-05-04,2,5,6.58
2025-05-04,2,6,0.64
2025-05-04,2,7,1.86
2025-05-04,2,8,7.79
2025-05-04,2,9,1.37
2025-05-04,2,10,3.86
2025-05-04,3,1,4.02
2025-05-04,3,2,4.86
2025-05-04,3,3,2.85
2025-05-04,3,4,5.89
2025-05-04,3,5,6.99
2025-05-04,3,6,0.68
2025-05-04,3,7,1.96
2025-05-04,3,8,9.23
2025-05-04,3,9,1.45
2025-05-04,3,10,4.34
2025-05-04,4,1,4.16
2025-05-04,4,2,4.98
2025-05-04,4,3,3.25
2025-05-04,4,4,6.34
2025-05-04,4,5,7.1
2025-05-04,4,6,0.72
2025-05-04,4,7,2.08
2025-05-04,4,8,9.39
2025-05-04,4,9,1.52
2025-05-04,4,10,4.81
2025-05-04,5,1,3.8
2025-05-04,5,2,5.21
2025-05-04,5,3,3.08
2025-05-04,5,4,6.29
2025-05-04,5,5,6.89
2025-05-04,5,6,0.68
2025-05-04,5,7,1.99
2025-05-04,5,8,9.36
2025-05-04,5,9,1.48
2025-05-04,5,10,4.35
2025-05-04,6,1,3.52
2025-05-04,6,2,4.22
2025-05-04,6,3,2.6
2025-05-04,6,4,5.3
2025-05-04,6,5,5.93
2025-05-04,6,6,0.57
2025-05-04,6,7,1.71
2025-05-04,6,8,7.68
2025-05-04,6,9,1.23
2025-05-04,6,10,3.8
2025-05-04,7,1,3.54
2025-05-04,7,2,4.37
2025-05-04,7,3,2.43
2025-05-04,7,4,5.0
2025-05-04,7,5,5.8
2025-05-04,7,6,0.58
2025-05-04,7,7,1.72
2025-05-04,7,8,7.58
2025-05-04,7,9,1.3
2025-05-04,7,10,3.91
2025-05-04,8,1,3.33
2025-05-04,8,2,4.0
2025-05-04,8,3,2.45
2025-05-04,8,4,4.77
2025-05-04,8,5,5.55
2025-05-04,8,6,0.53
2025-05-04,8,7,1.65
2025-05-04,8,8,6.96
2025-05-04,8,9,1.15
2025-05-04,8,10,3.55
2025-05-04,9,1,4.08
2025-05-04,9,2,5.17
2025-05-04,9,3,3.02
2025-05-04,9,4,6.35
2025-05-04,9,5,7.2
2025-05-04,9,6,0.72
2025-05-04,9,7,2.08
2025-05-04,9,8,9.42
2025-05-04,9,9,1.53
2025-05-04,9,10,4.93
2025-05-04,10,1,3.97
2025-05-04,10,2,5.05
2025-05-04,10,3,2.92
2025-05-04,10,4,6.19
2025-05-04,10,5,6.96
2025-05-04,10,6,0.67
2025-05-04,10,7,1.97
2025-05-04,10,8,9.06
2025-05-04,10,9,1.5
2025-05-04,10,10,4.54
2025-05-04,11,1,3.58
2025-05-04,11,2,4.44
2025-05-04,11,3,2.58
2025-05-04,11,4,5.46
2025-05-04,11,5,6.36
2025-05-04,11,6,0.59
2025-05-04,11,7,1.83
2025-05-04,11,8,8.44
2025-05-04,11,9,1.39
2025-05-04,11,10,3.9
2025-05-04,12,1,4.92
2025-05-04,12,2,5.96
2025-05-04,12,3,3.69
2025-05-04,12,4,6.97
2025-05-04,12,5,8.37
2025-05-04,12,6,0.86
2025-05-04,12,7,2.46
2025-05-04,12,8,10.87
2025-05-04,12,9,1.71
2025-05-04,12,10,5.66
2025-05-04,13,1,5.25
2025-05-04,13,2,6.26
2025-05-04,13,3,4.06
2025-05-04,13,4,7.76
2025-05-04,13,5,8.86
2025-05-04,13,6,0.93
2025-05-04,13,7,2.62
2025-05-04,13,8,11.73
2025-05-04,13,9,1.92
2025-05-04,13,10,5.84
2025-05-04,14,1,4.99
2025-05-04,14,2,6.67
2025-05-04,14,3,3.88
2025-05-04,14,4,8.06
2025-05-04,14,5,9.01
2025-05-04,14,6,0.87
2025-05-04,14,7,2.64
2025-05-04,14,8,11.16
2025-05-04,14,9,1.99
2025-05-04,14,10,6.13
2025-05-04,15,1,3.37
2025-05-04,15,2,4.31
2025-05-04,15,3,2.57
2025-05-04,15,4,5.04
2025-05-04,15,5,5.81
2025-05-04,15,6,0.57
2025-05-04,15,7,1.75
2025-05-04,15,8,7.51
2025-05-04,15,9,1.21
2025-05-04,15,10,3.66
2025-05-03,1,1,3.83
2025-05-03,1,2,4.81
2025-05-03,1,3,3.1
2025-05-03,1,4,6.03
2025-05-03,1,5,6.79
2025-05-03,1,6,0.67
2025-05-03,1,7,1.96
2025-05-03,1,8,8.95
2025-05-03,1,9,1.53
2025-05-03,1,10,4.54
2025-05-03,2,1,3.45
2025-05-03,2,2,4.45
2025-05-03,2,3,2.75
2025-05-03,2,4,5.63
2025-05-03,2,5,6.17
2025-05-03,2,6,0.63
2025-05-03,2,7,1.75
2025-05-03,2,8,8.43
2025-05-03,2,9,1.35
2025-05-03,2,10,3.98
2025-05-03,3,1,4.14
2025-05-03,3,2,4.96
2025-05-03,3,3,3.14
2025-05-03,3,4,6.01
2025-05-03,3,5,6.97
2025-05-03,3,6,0.71
2025-05-03,3,7,2.09
2025-05-03,3,8,9.31
2025-05-03,3,9,1.49
2025-05-03,3,10,4.63
2025-05-03,4,1,4.24
2025-05-03,4,2,5.11
2025-05-03,4,3,3.11
2025-05-03,4,4,6.34
2025-05-03,4,5,7.34
2025-05-03,4,6,0.75
2025-05-03,4,7,2.15
2025-05-03,4,8,9.47
2025-05-03,4,9,1.56
2025-05-03,4,10,4.85
2025-05-03,5,1,4.01
2025-05-03,5,2,4.94
2025-05-03,5,3,3.11
2025-05-03,5,4,6.13
2025-05-03,5,5,6.7
2025-05-03,5,6,0.72
2025-05-03,5,7,1.89
2025-05-03,5,8,9.16
2025-05-03,5,9,1.44
2025-05-03,5,10,4.5
2025-05-03,6,1,3.38
2025-05-03,6,2,4.14
2025-05-03,6,3,2.48
2025-05-03,6,4,4.85
2025-05-03,6,5,5.69
2025-05-03,6,6,0.59
2025-05-03,6,7,1.73
2025-05-03,6,8,7.36
2025-05-03,6,9,1.3
2025-05-03,6,10,3.9
2025-05-03,7,1,3.37
2025-05-03,7,2,4.19
2025-05-03,7,3,2.65
2025-05-03,7,4,5.34
2025-05-03,7,5,5.87
2025-05-03,7,6,0.56
2025-05-03,7,7,1.67
2025-05-03,7,8,7.76
2025-05-03,7,9,1.28
2025-05-03,7,10,3.89
2025-05-03,8,1,3.07
2025-05-03,8,2,3.93
2025-05-03,8,3,2.29
2025-05-03,8,4,4.78
2025-05-03,8,5,5.54
2025-05-03,8,6,0.54
2025-05-03,8,7,1.52
2025-05-03,8,8,7.32
2025-05-03,8,9,1.19
2025-05-03,8,10,3.53
2025-05-03,9,1,4.28
2025-05-03,9,2,5.15
2025-05-03,9,3,3.24
2025-05-03,9,4,6.55
2025-05-03,9,5,7.67
2025-05-03,9,6,0.72
2025-05-03,9,7,2.11
2025-05-03,9,8,9.28
2025-05-03,9,9,1.53
2025-05-03,9,10,4.53
2025-05-03,10,1,3.94
2025-05-03,10,2,4.81
2025-05-03,10,3,3.03
2025-05-03,10,4,5.75
2025-05-03,10,5,7.28
2025-05-03,10,6,0.7
2025-05-03,10,7,2.05
2025-05-03,10,8,8.57
2025-05-03,10,9,1.45
2025-05-03,10,10,4.61
2025-05-03,11,1,3.76
2025-05-03,11,2,4.56
2025-05-03,11,3,2.75
2025-05-03,11,4,5.27
2025-05-03,11,5,6.47
2025-05-03,11,6,0.63
2025-05-03,11,7,1.84
2025-05-03,11,8,7.78
2025-05-03,11,9,1.31
2025-05-03,11,10,4.15
2025-05-03,12,1,4.88
2025-05-03,12,2,5.71
2025-05-03,12,3,3.41
2025-05-03,12,4,7.14
2025-05-03,12,5,8.62
2025-05-03,12,6,0.86
2025-05-03,12,7,2.29
2025-05-03,12,8,10.85
2025-05-03,12,9,1.72
2025-05-03,12,10,5.3
2025-05-03,13,1,5.09
2025-05-03,13,2,6.55
2025-05-03,13,3,3.85
2025-05-03,13,4,7.63
2025-05-03,13,5,9.08
2025-05-03,13,6,0.9
2025-05-03,13,7,2.62
2025-05-03,13,8,12.25
2025-05-03,13,9,1.98
2025-05-03,13,10,5.94
2025-05-03,14,1,5.34
2025-05-03,14,2,6.52
2025-05-03,14,3,3.9
2025-05-03,14,4,7.75
2025-05-03,14,5,9.16
2025-05-03,14,6,0.88
2025-05-03,14,7,2.63
2025-05-03,14,8,11.36
2025-05-03,14,9,1.92
2025-05-03,14,10,5.58
2025-05-03,15,1,3.28
2025-05-03,15,2,4.06
2025-05-03,15,3,2.65
2025-05-03,15,4,4.98
2025-05-03,15,5,5.72
2025-05-03,15,6,0.6
2025-05-03,15,7,1.76
2025-05-03,15,8,7.89
2025-05-03,15,9,1.25
2025-05-03,15,10,3.76
2025-05-02,1,1,4.1
2025-05-02,1,2,5.23
2025-05-02,1,3,2.84
2025-05-02,1,4,5.93
2025-05-02,1,5,7.23
2025-05-02,1,6,0.72
2025-05-02,1,7,2.06
2025-05-02,1,8,8.78
2025-05-02,1,9,1.51
2025-05-02,1,10,4.5
2025-05-02,2,1,3.41
2025-05-02,2,2,4.6
2025-05-02,2,3,2.57
2025-05-02,2,4,5.29
2025-05-02,2,5,6.48
2025-05-02,2,6,0.61
2025-05-02,2,7,1.87
2025-05-02,2,8,8.19
2025-05-02,2,9,1.36
2025-05-02,2,10,4.23
2025-05-02,3,1,4.02
2025-05-02,3,2,4.99
2025-05-02,3,3,2.86
2025-05-02,3,4,6.29
2025-05-02,3,5,6.68
2025-05-02,3,6,0.72
2025-05-02,3,7,2.07
2025-05-02,3,8,9.43
2025-05-02,3,9,1.45
2025-05-02,3,10,4.48
2025-05-02,4,1,4.35
2025-05-02,4,2,5.14
2025-05-02,4,3,3.09
2025-05-02,4,4,6.46
2025-05-02,4,5,7.28
2025-05-02,4,6,0.7
2025-05-02,4,7,2.09
2025-05-02,4,8,9.33
2025-05-02,4,9,1.54
2025-05-02,4,10,4.49
2025-05-02,5,1,3.86
2025-05-02,5,2,4.98
2025-05-02,5,3,2.9
2025-05-02,5,4,5.99
2025-05-02,5,5,6.75
2025-05-02,5,6,0.72
2025-05-02,5,7,2.03
2025-05-02,5,8,8.98
2025-05-02,5,9,1.43
2025-05-02,5,10,4.38
2025-05-02,6,1,3.5
2025-05-02,6,2,4.09
2025-05-02,6,3,2.57
2025-05-02,6,4,5.07
2025-05-02,6,5,6.03
2025-05-02,6,6,0.6
2025-05-02,6,7,1.75
2025-05-02,6,8,7.96
2025-05-02,6,9,1.22
2025-05-02,6,10,3.72
2025-05-02,7,1,3.29
2025-05-02,7,2,4.23
2025-05-02,7,3,2.64
2025-05-02,7,4,4.89
2025-05-02,7,5,5.76
2025-05-02,7,6,0.58
2025-05-02,7,7,1.72
2025-05-02,7,8,7.68
2025-05-02,7,9,1.31
2025-05-02,7,10,3.94
2025-05-02,8,1,3.32
2025-05-02,8,2,4.01
2025-05-02,8,3,2.3
2025-05-02,8,4,5.0
2025-05-02,8,5,5.55
2025-05-02,8,6,0.54
2025-05-02,8,7,1.54
2025-05-02,8,8,7.45
2025-05-02,8,9,1.15
2025-05-02,8,10,3.42
2025-05-02,9,1,4.0
2025-05-02,9,2,5.16
2025-05-02,9,3,3.09
2025-05-02,9,4,6.38
2025-05-02,9,5,7.11
2025-05-02,9,6,0.73
2025-05-02,9,7,2.01
2025-05-02,9,8,9.67
2025-05-02,9,9,1.61
2025-05-02,9,10,4.95
2025-05-02,10,1,4.17
2025-05-02,10,2,5.02
2025-05-02,10,3,3.05
2025-05-02,10,4,5.93
2025-05-02,10,5,7.05
2025-05-02,10,6,0.71
2025-05-02,10,7,1.9
2025-05-02,10,8,9.38
2025-05-02,10,9,1.49
2025-05-02,10,10,4.6
2025-05-02,11,1,3.76
2025-05-02,11,2,4.4
2025-05-02,11,3,2.74
2025-05-02,11,4,5.6
2025-05-02,11,5,6.57
2025-05-02,11,6,0.64
2025-05-02,11,7,1.85
2025-05-02,11,8,8.34
2025-05-02,11,9,1.39
2025-05-02,11,10,4.23
2025-05-02,12,1,4.59
2025-05-02,12,2,6.04
2025-05-02,12,3,3.48
2025-05-02,12,4,7.4
2025-05-02,12,5,8.51
2025-05-02,12,6,0.87
2025-05-02,12,7,2.46
2025-05-02,12,8,11.25
2025-05-02,12,9,1.8
2025-05-02,12,10,5.42
2025-05-02,13,1,5.09
2025-05-02,13,2,6.2
2025-05-02,13,3,3.81
2025-05-02,13,4,7.66
2025-05-02,13,5,9.1
2025-05-02,13,6,0.87
2025-05-02,13,7,2.7
2025-05-02,13,8,12.23
2025-05-02,13,9,1.94
2025-05-02,13,10,5.9
2025-05-02,14,1,5.3
2025-05-02,14,2,6.42
2025-05-02,14,3,3.7
2025-05-02,14,4,8.15
2025-05-02,14,5,8.95
2025-05-02,14,6,0.91
2025-05-02,14,7,2.68
2025-05-02,14,8,11.98
2025-05-02,14,9,1.97
2025-05-02,14,10,6.04
2025-05-02,15,1,3.34
2025-05-02,15,2,4.45
2025-05-02,15,3,2.51
2025-05-02,15,4,5.11
2025-05-02,15,5,5.79
2025-05-02,15,6,0.57
2025-05-02,15,7,1.76
2025-05-02,15,8,7.82
2025-05-02,15,9,1.28
2025-05-02,15,10,3.81
2025-05-01,1,1,3.87
2025-05-01,1,2,4.9
2025-05-01,1,3,3.05
2025-05-01,1,4,6.0
2025-05-01,1,5,7.27
2025-05-01,1,6,0.72
2025-05-01,1,7,1.91
2025-05-01,1,8,9.13
2025-05-01,1,9,1.47
2025-05-01,1,10,4.67
2025-05-01,2,1,3.72
2025-05-01,2,2,4.65
2025-05-01,2,3,2.8
2025-05-01,2,4,5.63
2025-05-01,2,5,6.16
2025-05-01,2,6,0.62
2025-05-01,2,7,1.84
2025-05-01,2,8,8.33
2025-05-01,2,9,1.29
2025-05-01,2,10,4.01
2025-05-01,3,1,3.93
2025-05-01,3,2,4.86
2025-05-01,3,3,2.89
2025-05-01,3,4,6.28
2025-05-01,3,5,6.83
2025-05-01,3,6,0.68
2025-05-01,3,7,2.06
2025-05-01,3,8,8.93
2025-05-01,3,9,1.42
2025-05-01,3,10,4.35
2025-05-01,4,1,4.07
2025-05-01,4,2,5.47
2025-05-01,4,3,3.18
2025-05-01,4,4,6.39
2025-05-01,4,5,7.2
2025-05-01,4,6,0.7
2025-05-01,4,7,2.12
2025-05-01,4,8,9.54
2025-05-01,4,9,1.56
2025-05-01,4,10,4.87
2025-05-01,5,1,3.82
2025-05-01,5,2,5.22
2025-05-01,5,3,3.03
2025-05-01,5,4,6.08
2025-05-01,5,5,7.23
2025-05-01,5,6,0.69
2025-05-01,5,7,1.99
2025-05-01,5,8,9.11
2025-05-01,5,9,1.51
2025-05-01,5,10,4.56
2025-05-01,6,1,3.52
2025-05-01,6,2,4.38
2025-05-01,6,3,2.43
2025-05-01,6,4,5.1
2025-05-01,6,5,5.66
2025-05-01,6,6,0.61
2025-05-01,6,7,1.63
2025-05-01,6,8,7.66
2025-05-01,6,9,1.29
2025-05-01,6,10,3.72
2025-05-01,7,1,3.52
2025-05-01,7,2,4.36
2025-05-01,7,3,2.44
2025-05-01,7,4,5.17
2025-05-01,7,5,5.82
2025-05-01,7,6,0.58
2025-05-01,7,7,1.75
2025-05-01,7,8,7.28
2025-05-01,7,9,1.22
2025-05-01,7,10,3.79
2025-05-01,8,1,3.21
2025-05-01,8,2,4.09
2025-05-01,8,3,2.5
2025-05-01,8,4,4.91
2025-05-01,8,5,5.69
2025-05-01,8,6,0.53
2025-05-01,8,7,1.52
2025-05-01,8,8,7.49
2025-05-01,8,9,1.2
2025-05-01,8,10,3.65
2025-05-01,9,1,4.08
2025-05-01,9,2,5.45
2025-05-01,9,3,3.16
2025-05-01,9,4,6.28
2025-05-01,9,5,7.01
2025-05-01,9,6,0.75
2025-05-01,9,7,2.04
2025-05-01,9,8,9.55
2025-05-01,9,9,1.55
2025-05-01,9,10,4.64
2025-05-01,10,1,3.84
2025-05-01,10,2,4.8
2025-05-01,10,3,2.85
2025-05-01,10,4,5.88
2025-05-01,10,5,6.7
2025-05-01,10,6,0.69
2025-05-01,10,7,2.0
2025-05-01,10,8,9.0
2025-05-01,10,9,1.55
2025-05-01,10,10,4.4
2025-05-01,11,1,3.59
2025-05-01,11,2,4.55
2025-05-01,11,3,2.69
2025-05-01,11,4,5.44
2025-05-01,11,5,6.03
2025-05-01,11,6,0.6
2025-05-01,11,7,1.83
2025-05-01,11,8,8.29
2025-05-01,11,9,1.27
2025-05-01,11,10,3.87
2025-05-01,12,1,4.68
2025-05-01,12,2,6.13
2025-05-01,12,3,3.45
2025-05-01,12,4,7.14
2025-05-01,12,5,8.67
2025-05-01,12,6,0.79
2025-05-01,12,7,2.4
2025-05-01,12,8,10.6
2025-05-01,12,9,1.78
2025-05-01,12,10,5.42
2025-05-01,13,1,4.99
2025-05-01,13,2,6.36
2025-05-01,13,3,4.01
2025-05-01,13,4,7.77
2025-05-01,13,5,8.74
2025-05-01,13,6,0.94
2025-05-01,13,7,2.47
2025-05-01,13,8,11.27
2025-05-01,13,9,1.89
2025-05-01,13,10,6.11
2025-05-01,14,1,5.3
2025-05-01,14,2,6.35
2025-05-01,14,3,3.69
2025-05-01,14,4,7.71
2025-05-01,14,5,8.74
2025-05-01,14,6,0.91
2025-05-01,14,7,2.58
2025-05-01,14,8,12.27
2025-05-01,14,9,2.01
2025-05-01,14,10,6.07
2025-05-01,15,1,3.3
2025-05-01,15,2,4.43
2025-05-01,15,3,2.45
2025-05-01,15,4,5.08
2025-05-01,15,5,5.98
2025-05-01,15,6,0.58
2025-05-01,15,7,1.77
2025-05-01,15,8,7.44
2025-05-01,15,9,1.23
2025-05-01,15,10,3.81
2025-04-30,1,1,4.15
2025-04-30,1,2,4.82
2025-04-30,1,3,2.85
2025-04-30,1,4,6.03
2025-04-30,1,5,7.28
2025-04-30,1,6,0.71
2025-04-30,1,7,1.97
2025-04-30,1,8,9.35
2025-04-30,1,9,1.49
2025-04-30,1,10,4.69
2025-04-30,2,1,3.61
2025-04-30,2,2,4.46
2025-04-30,2,3,2.73
2025-04-30,2,4,5.29
2025-04-30,2,5,6.49
2025-04-30,2,6,0.61
2025-04-30,2,7,1.73
2025-04-30,2,8,7.78
2025-04-30,2,9,1.3
2025-04-30,2,10,4.05
2025-04-30,3,1,4.06
2025-04-30,3,2,4.86
2025-04-30,3,3,2.97
2025-04-30,3,4,6.06
2025-04-30,3,5,6.68
2025-04-30,3,6,0.66
2025-04-30,3,7,2.0
2025-04-30,3,8,8.6
2025-04-30,3,9,1.48
2025-04-30,3,10,4.44
2025-04-30,4,1,4.17
2025-04-30,4,2,5.11
2025-04-30,4,3,3.25
2025-04-30,4,4,6.35
2025-04-30,4,5,7.61
2025-04-30,4,6,0.72
2025-04-30,4,7,2.02
2025-04-30,4,8,9.27
2025-04-30,4,9,1.5
2025-04-30,4,10,4.84
2025-04-30,5,1,4.17
2025-04-30,5,2,4.97
2025-04-30,5,3,2.98
2025-04-30,5,4,5.72
2025-04-30,5,5,7.31
2025-04-30,5,6,0.68
2025-04-30,5,7,1.97
2025-04-30,5,8,8.71
2025-04-30,5,9,1.5
2025-04-30,5,10,4.55
2025-04-30,6,1,3.54
2025-04-30,6,2,4.08
2025-04-30,6,3,2.55
2025-04-30,6,4,5.14
2025-04-30,6,5,6.2
2025-04-30,6,6,0.56
2025-04-30,6,7,1.76
2025-04-30,6,8,7.73
2025-04-30,6,9,1.3
2025-04-30,6,10,3.69
2025-04-30,7,1,3.4
2025-04-30,7,2,4.08
2025-04-30,7,3,2.59
2025-04-30,7,4,5.07
2025-04-30,7,5,6.09
2025-04-30,7,6,0.59
2025-04-30,7,7,1.77
2025-04-30,7,8,7.73
2025-04-30,7,9,1.28
2025-04-30,7,10,3.91
2025-04-30,8,1,3.26
2025-04-30,8,2,4.0
2025-04-30,8,3,2.33
2025-04-30,8,4,4.93
2025-04-30,8,5,5.33
2025-04-30,8,6,0.58
2025-04-30,8,7,1.59
2025-04-30,8,8,6.96
2025-04-30,8,9,1.19
2025-04-30,8,10,3.57
2025-04-30,9,1,4.2
2025-04-30,9,2,5.11
2025-04-30,9,3,3.25
2025-04-30,9,4,6.49
2025-04-30,9,5,7.47
2025-04-30,9,6,0.7
2025-04-30,9,7,2.09
2025-04-30,9,8,9.64
2025-04-30,9,9,1.58
2025-04-30,9,10,4.92
2025-04-30,10,1,3.99
2025-04-30,10,2,4.91
2025-04-30,10,3,3.02
2025-04-30,10,4,5.8
2025-04-30,10,5,6.74
2025-04-30,10,6,0.66
2025-04-30,10,7,2.07
2025-04-30,10,8,8.77
2025-04-30,10,9,1.48
2025-04-30,10,10,4.58
2025-04-30,11,1,3.51
2025-04-30,11,2,4.49
2025-04-30,11,3,2.71
2025-04-30,11,4,5.46
2025-04-30,11,5,6.34
2025-04-30,11,6,0.59
2025-04-30,11,7,1.72
2025-04-30,11,8,7.95
2025-04-30,11,9,1.34
2025-04-30,11,10,4.21
2025-04-30,12,1,4.68
2025-04-30,12,2,6.13
2025-04-30,12,3,3.76
2025-04-30,12,4,6.84
2025-04-30,12,5,8.08
2025-04-30,12,6,0.85
2025-04-30,12,7,2.44
2025-04-30,12,8,10.92
2025-04-30,12,9,1.74
2025-04-30,12,10,5.4
2025-04-30,13,1,4.95
2025-04-30,13,2,6.58
2025-04-30,13,3,3.87
2025-04-30,13,4,7.89
2025-04-30,13,5,9.01
2025-04-30,13,6,0.9
2025-04-30,13,7,2.47
2025-04-30,13,8,11.42
2025-04-30,13,9,2.01
2025-04-30,13,10,5.72
2025-04-30,14,1,5.35
2025-04-30,14,2,6.26
2025-04-30,14,3,4.04
2025-04-30,14,4,7.84
2025-04-30,14,5,9.53
2025-04-30,14,6,0.87
2025-04-30,14,7,2.65
2025-04-30,14,8,12.15
2025-04-30,14,9,2.01
2025-04-30,14,10,6.06
2025-04-30,15,1,3.27
2025-04-30,15,2,4.44
2025-04-30,15,3,2.52
2025-04-30,15,4,5.33
2025-04-30,15,5,5.97
2025-04-30,15,6,0.6
2025-04-30,15,7,1.68
2025-04-30,15,8,7.87
2025-04-30,15,9,1.25
2025-04-30,15,10,3.72
2025-04-29,1,1,3.82
2025-04-29,1,2,4.86
2025-04-29,1,3,2.85
2025-04-29,1,4,5.72
2025-04-29,1,5,7.22
2025-04-29,1,6,0.67
2025-04-29,1,7,2.07
2025-04-29,1,8,9.3
2025-04-29,1,9,1.43
2025-04-29,1,10,4.63
2025-04-29,2,1,3.6
2025-04-29,2,2,4.63
2025-04-29,2,3,2.73
2025-04-29,2,4,5.48
2025-04-29,2,5,6.55
2025-04-29,2,6,0.63
2025-04-29,2,7,1.76
2025-04-29,2,8,7.77
2025-04-29,2,9,1.38
2025-04-29,2,10,3.92
2025-04-29,3,1,3.86
2025-04-29,3,2,5.05
2025-04-29,3,3,2.88
2025-04-29,3,4,6.26
2025-04-29,3,5,7.33
2025-04-29,3,6,0.72
2025-04-29,3,7,2.0
2025-04-29,3,8,9.31
2025-04-29,3,9,1.54
2025-04-29,3,10,4.37
2025-04-29,4,1,4.27
2025-04-29,4,2,5.47
2025-04-29,4,3,3.06
2025-04-29,4,4,6.19
2025-04-29,4,5,7.45
2025-04-29,4,6,0.75
2025-04-29,4,7,2.14
2025-04-29,4,8,9.14
2025-04-29,4,9,1.53
2025-04-29,4,10,4.67
2025-04-29,5,1,3.89
2025-04-29,5,2,4.8
2025-04-29,5,3,3.06
2025-04-29,5,4,6.21
2025-04-29,5,5,7.06
2025-04-29,5,6,0.66
2025-04-29,5,7,1.95
2025-04-29,5,8,9.0
2025-04-29,5,9,1.49
2025-04-29,5,10,4.36
2025-04-29,6,1,3.48
2025-04-29,6,2,4.44
2025-04-29,6,3,2.48
2025-04-29,6,4,4.92
2025-04-29,6,5,5.72
2025-04-29,6,6,0.58
2025-04-29,6,7,1.74
2025-04-29,6,8,7.81
2025-04-29,6,9,1.3
2025-04-29,6,10,3.78
2025-04-29,7,1,3.25
2025-04-29,7,2,4.24
2025-04-29,7,3,2.58
2025-04-29,7,4,5.08
2025-04-29,7,5,5.73
2025-04-29,7,6,0.58
2025-04-29,7,7,1.61
2025-04-29,7,8,7.86
2025-04-29,7,9,1.29
2025-04-29,7,10,3.99
2025-04-29,8,1,3.11
2025-04-29,8,2,3.82
2025-04-29,8,3,2.39
2025-04-29,8,4,4.64
2025-04-29,8,5,5.58
2025-04-29,8,6,0.55
2025-04-29,8,7,1.57
2025-04-29,8,8,7.41
2025-04-29,8,9,1.21
2025-04-29,8,10,3.66
2025-04-29,9,1,4.18
2025-04-29,9,2,5.19
2025-04-29,9,3,3.16
2025-04-29,9,4,6.59
2025-04-29,9,5,7.57
2025-04-29,9,6,0.7
2025-04-29,9,7,2.19
2025-04-29,9,8,9.71
2025-04-29,9,9,1.62
2025-04-29,9,10,4.93
2025-04-29,10,1,4.02
2025-04-29,10,2,5.24
2025-04-29,10,3,3.04
2025-04-29,10,4,6.04
2025-04-29,10,5,7.09
2025-04-29,10,6,0.71
2025-04-29,10,7,2.06
2025-04-29,10,8,9.44
2025-04-29,10,9,1.5
2025-04-29,10,10,4.63
2025-04-29,11,1,3.74
2025-04-29,11,2,4.62
2025-04-29,11,3,2.64
2025-04-29,11,4,5.47
2025-04-29,11,5,6.51
2025-04-29,11,6,0.65
2025-04-29,11,7,1.77
2025-04-29,11,8,8.07
2025-04-29,11,9,1.36
2025-04-29,11,10,3.95
2025-04-29,12,1,4.56
2025-04-29,12,2,5.93
2025-04-29,12,3,3.55
2025-04-29,12,4,7.22
2025-04-29,12,5,8.02
2025-04-29,12,6,0.85
2025-04-29,12,7,2.39
2025-04-29,12,8,10.29
2025-04-29,12,9,1.85
2025-04-29,12,10,5.51
2025-04-29,13,1,5.44
2025-04-29,13,2,6.5
2025-04-29,13,3,3.85
2025-04-29,13,4,7.84
2025-04-29,13,5,9.34
2025-04-29,13,6,0.92
2025-04-29,13,7,2.7
2025-04-29,13,8,11.41
2025-04-29,13,9,1.95
2025-04-29,13,10,5.77
2025-04-29,14,1,4.94
2025-04-29,14,2,6.32
2025-04-29,14,3,4.07
2025-04-29,14,4,7.86
2025-04-29,14,5,9.04
2025-04-29,14,6,0.91
2025-04-29,14,7,2.48
2025-04-29,14,8,11.88
2025-04-29,14,9,1.86
2025-04-29,14,10,6.09
2025-04-29,15,1,3.51
2025-04-29,15,2,4.1
2025-04-29,15,3,2.54
2025-04-29,15,4,5.12
2025-04-29,15,5,5.71
2025-04-29,15,6,0.59
2025-04-29,15,7,1.64
2025-04-29,15,8,7.55
2025-04-29,15,9,1.31
2025-04-29,15,10,3.9
2025-04-28,1,1,4.17
2025-04-28,1,2,5.22
2025-04-28,1,3,3.11
2025-04-28,1,4,6.14
2025-04-28,1,5,6.69
2025-04-28,1,6,0.7
2025-04-28,1,7,2.0
2025-04-28,1,8,8.75
2025-04-28,1,9,1.54
2025-04-28,1,10,4.46
2025-04-28,2,1,3.56
2025-04-28,2,2,4.64
2025-04-28,2,3,2.73
2025-04-28,2,4,5.38
2025-04-28,2,5,6.23
2025-04-28,2,6,0.65
2025-04-28,2,7,1.79
2025-04-28,2,8,8.42
2025-04-28,2,9,1.34
2025-04-28,2,10,4.24
2025-04-28,3,1,3.82
2025-04-28,3,2,5.06
2025-04-28,3,3,3.1
2025-04-28,3,4,5.9
2025-04-28,3,5,7.09
2025-04-28,3,6,0.7
2025-04-28,3,7,2.02
2025-04-28,3,8,8.7
2025-04-28,3,9,1.52
2025-04-28,3,10,4.64
2025-04-28,4,1,4.2
2025-04-28,4,2,5.42
2025-04-28,4,3,3.04
2025-04-28,4,4,6.02
2025-04-28,4,5,7.54
2025-04-28,4,6,0.7
2025-04-28,4,7,2.0
2025-04-28,4,8,9.55
2025-04-28,4,9,1.53
2025-04-28,4,10,4.55
2025-04-28,5,1,4.04
2025-04-28,5,2,4.92
2025-04-28,5,3,2.98
2025-04-28,5,4,6.03
2025-04-28,5,5,6.7
2025-04-28,5,6,0.72
2025-04-28,5,7,1.91
2025-04-28,5,8,9.1
2025-04-28,5,9,1.46
2025-04-28,5,10,4.34
2025-04-28,6,1,3.25
2025-04-28,6,2,4.27
2025-04-28,6,3,2.62
2025-04-28,6,4,5.1
2025-04-28,6,5,6.01
2025-04-28,6,6,0.6
2025-04-28,6,7,1.61
2025-04-28,6,8,7.95
2025-04-28,6,9,1.23
2025-04-28,6,10,3.7
2025-04-28,7,1,3.51
2025-04-28,7,2,4.23
2025-04-28,7,3,2.45
2025-04-28,7,4,4.86
2025-04-28,7,5,5.99
2025-04-28,7,6,0.61
2025-04-28,7,7,1.62
2025-04-28,7,8,7.57
2025-04-28,7,9,1.25
2025-04-28,7,10,3.74
2025-04-28,8,1,3.26
2025-04-28,8,2,3.97
2025-04-28,8,3,2.47
2025-04-28,8,4,4.97
2025-04-28,8,5,5.85
2025-04-28,8,6,0.53
2025-04-28,8,7,1.55
2025-04-28,8,8,6.92
2025-04-28,8,9,1.19
2025-04-28,8,10,3.73
2025-04-28,9,1,4.15
2025-04-28,9,2,5.2
2025-04-28,9,3,3.21
2025-04-28,9,4,6.2
2025-04-28,9,5,7.2
2025-04-28,9,6,0.74
2025-04-28,9,7,1.99
2025-04-28,9,8,9.62
2025-04-28,9,9,1.52
2025-04-28,9,10,4.55
2025-04-28,10,1,3.94
2025-04-28,10,2,5.06
2025-04-28,10,3,3.07
2025-04-28,10,4,5.72
2025-04-28,10,5,7.08
2025-04-28,10,6,0.71
2025-04-28,10,7,1.95
2025-04-28,10,8,9.27
2025-04-28,10,9,1.5
2025-04-28,10,10,4.49
2025-04-28,11,1,3.66
2025-04-28,11,2,4.71
2025-04-28,11,3,2.73
2025-04-28,11,4,5.52
2025-04-28,11,5,6.18
2025-04-28,11,6,0.63
2025-04-28,11,7,1.84
2025-04-28,11,8,8.34
2025-04-28,11,9,1.4
2025-04-28,11,10,4.23
2025-04-28,12,1,4.66
2025-04-28,12,2,6.17
2025-04-28,12,3,3.57
2025-04-28,12,4,6.93
2025-04-28,12,5,8.66
2025-04-28,12,6,0.86
2025-04-28,12,7,2.33
2025-04-28,12,8,10.39
2025-04-28,12,9,1.7
2025-04-28,12,10,5.44
2025-04-28,13,1,5.18
2025-04-28,13,2,6.3
2025-04-28,13,3,3.89
2025-04-28,13,4,7.64
2025-04-28,13,5,9.47
2025-04-28,13,6,0.91
2025-04-28,13,7,2.66
2025-04-28,13,8,12.21
2025-04-28,13,9,2.03
2025-04-28,13,10,5.58
2025-04-28,14,1,5.35
2025-04-28,14,2,6.45
2025-04-28,14,3,4.02
2025-04-28,14,4,7.44
2025-04-28,14,5,9.07
2025-04-28,14,6,0.94
2025-04-28,14,7,2.64
2025-04-28,14,8,11.65
2025-04-28,14,9,1.88
2025-04-28,14,10,6.03
2025-04-28,15,1,3.51
2025-04-28,15,2,4.12
2025-04-28,15,3,2.53
2025-04-28,15,4,5.17
2025-04-28,15,5,5.92
2025-04-28,15,6,0.58
2025-04-28,15,7,1.66
2025-04-28,15,8,7.48
2025-04-28,15,9,1.29
2025-04-28,15,10,3.72
2025-04-27,1,1,4.09
2025-04-27,1,2,5.08
2025-04-27,1,3,2.87
2025-04-27,1,4,5.96
2025-04-27,1,5,6.98
2025-04-27,1,6,0.68
2025-04-27,1,7,1.94
2025-04-27,1,8,9.17
2025-04-27,1,9,1.45
2025-04-27,1,10,4.38
2025-04-27,2,1,3.66
2025-04-27,2,2,4.3
2025-04-27,2,3,2.77
2025-04-27,2,4,5.61
2025-04-27,2,5,6.28
2025-04-27,2,6,0.62
2025-04-27,2,7,1.83
2025-04-27,2,8,8.46
2025-04-27,2,9,1.34
2025-04-27,2,10,4.16
2025-04-27,3,1,4.0
2025-04-27,3,2,4.85
2025-04-27,3,3,3.01
2025-04-27,3,4,5.96
2025-04-27,3,5,6.98
2025-04-27,3,6,0.66
2025-04-27,3,7,1.9
2025-04-27,3,8,8.96
2025-04-27,3,9,1.47
2025-04-27,3,10,4.36
2025-04-27,4,1,4.13
2025-04-27,4,2,5.01
2025-04-27,4,3,3.13
2025-04-27,4,4,6.08
2025-04-27,4,5,7.6
2025-04-27,4,6,0.69
2025-04-27,4,7,2.17
2025-04-27,4,8,9.71
2025-04-27,4,9,1.57
2025-04-27,4,10,4.84
2025-04-27,5,1,3.88
2025-04-27,5,2,4.77
2025-04-27,5,3,2.91
2025-04-27,5,4,6.26
2025-04-27,5,5,6.67
2025-04-27,5,6,0.7
2025-04-27,5,7,1.91
2025-04-27,5,8,8.9
2025-04-27,5,9,1.44
2025-04-27,5,10,4.7
2025-04-27,6,1,3.37
2025-04-27,6,2,4.36
2025-04-27,6,3,2.45
2025-04-27,6,4,5.29
2025-04-27,6,5,5.77
2025-04-27,6,6,0.56
2025-04-27,6,7,1.77
2025-04-27,6,8,7.56
2025-04-27,6,9,1.21
2025-04-27,6,10,3.76
2025-04-27,7,1,3.34
2025-04-27,7,2,4.43
2025-04-27,7,3,2.54
2025-04-27,7,4,4.87
2025-04-27,7,5,5.98
2025-04-27,7,6,0.6
2025-04-27,7,7,1.61
2025-04-27,7,8,7.69
2025-04-27,7,9,1.33
2025-04-27,7,10,3.87
2025-04-27,8,1,3.09
2025-04-27,8,2,3.9
2025-04-27,8,3,2.45
2025-04-27,8,4,4.69
2025-04-27,8,5,5.76
2025-04-27,8,6,0.55
2025-04-27,8,7,1.59
2025-04-27,8,8,7.05
2025-04-27,8,9,1.19
2025-04-27,8,10,3.69
2025-04-27,9,1,4.38
2025-04-27,9,2,5.24
2025-04-27,9,3,3.02
2025-04-27,9,4,6.28
2025-04-27,9,5,7.07
2025-04-27,9,6,0.75
2025-04-27,9,7,2.04
2025-04-27,9,8,9.18
2025-04-27,9,9,1.53
2025-04-27,9,10,4.61
2025-04-27,10,1,4.02
2025-04-27,10,2,5.14
2025-04-27,10,3,3.0
2025-04-27,10,4,5.9
2025-04-27,10,5,6.91
2025-04-27,10,6,0.71
2025-04-27,10,7,1.93
2025-04-27,10,8,8.98
2025-04-27,10,9,1.47
2025-04-27,10,10,4.62
2025-04-27,11,1,3.68
2025-04-27,11,2,4.28
2025-04-27,11,3,2.68
2025-04-27,11,4,5.22
2025-04-27,11,5,6.31
2025-04-27,11,6,0.61
2025-04-27,11,7,1.82
2025-04-27,11,8,8.39
2025-04-27,11,9,1.29
2025-04-27,11,10,3.99
2025-04-27,12,1,4.58
2025-04-27,12,2,6.19
2025-04-27,12,3,3.41
2025-04-27,12,4,7.32
2025-04-27,12,5,8.63
2025-04-27,12,6,0.85
2025-04-27,12,7,2.44
2025-04-27,12,8,10.64
2025-04-27,12,9,1.75
2025-04-27,12,10,5.13
2025-04-27,13,1,5.17
2025-04-27,13,2,6.42
2025-04-27,13,3,3.97
2025-04-27,13,4,7.93
2025-04-27,13,5,9.03
2025-04-27,13,6,0.88
2025-04-27,13,7,2.53
2025-04-27,13,8,11.16
2025-04-27,13,9,2.02
2025-04-27,13,10,6.05
2025-04-27,14,1,5.31
2025-04-27,14,2,6.32
2025-04-27,14,3,3.81
2025-04-27,14,4,7.68
2025-04-27,14,5,9.38
2025-04-27,14,6,0.92
2025-04-27,14,7,2.69
2025-04-27,14,8,12.26
2025-04-27,14,9,2.01
2025-04-27,14,10,6.12
2025-04-27,15,1,3.4
2025-04-27,15,2,4.44
2025-04-27,15,3,2.53
2025-04-27,15,4,5.06
2025-04-27,15,5,6.0
2025-04-27,15,6,0.59
2025-04-27,15,7,1.72
2025-04-27,15,8,7.44
2025-04-27,15,9,1.27
2025-04-27,15,10,3.96
2025-04-26,1,1,4.12
2025-04-26,1,2,4.97
2025-04-26,1,3,2.86
2025-04-26,1,4,6.09
2025-04-26,1,5,6.76
2025-04-26,1,6,0.69
2025-04-26,1,7,1.96
2025-04-26,1,8,9.06
2025-04-26,1,9,1.5
2025-04-26,1,10,4.56
2025-04-26,2,1,3.68
2025-04-26,2,2,4.67
2025-04-26,2,3,2.74
2025-04-26,2,4,5.18
2025-04-26,2,5,6.06
2025-04-26,2,6,0.63
2025-04-26,2,7,1.8
2025-04-26,2,8,7.97
2025-04-26,2,9,1.41
2025-04-26,2,10,3.96
2025-04-26,3,1,4.16
2025-04-26,3,2,4.84
2025-04-26,3,3,2.91
2025-04-26,3,4,6.12
2025-04-26,3,5,6.89
2025-04-26,3,6,0.7
2025-04-26,3,7,2.04
2025-04-26,3,8,8.78
2025-04-26,3,9,1.45
2025-04-26,3,10,4.3
2025-04-26,4,1,4.34
2025-04-26,4,2,5.37
2025-04-26,4,3,3.16
2025-04-26,4,4,6.43
2025-04-26,4,5,7.46
2025-04-26,4,6,0.73
2025-04-26,4,7,2.11
2025-04-26,4,8,9.16
2025-04-26,4,9,1.49
2025-04-26,4,10,4.95
2025-04-26,5,1,4.11
2025-04-26,5,2,5.22
2025-04-26,5,3,3.01
2025-04-26,5,4,6.24
2025-04-26,5,5,6.89
2025-04-26,5,6,0.67
2025-04-26,5,7,1.9
2025-04-26,5,8,9.13
2025-04-26,5,9,1.45
2025-04-26,5,10,4.62
2025-04-26,6,1,3.56
2025-04-26,6,2,4.22
2025-04-26,6,3,2.48
2025-04-26,6,4,5.06
2025-04-26,6,5,5.71
2025-04-26,6,6,0.61
2025-04-26,6,7,1.77
2025-04-26,6,8,7.4
2025-04-26,6,9,1.33
2025-04-26,6,10,3.91
2025-04-26,7,1,3.28
2025-04-26,7,2,4.26
2025-04-26,7,3,2.45
2025-04-26,7,4,5.03
2025-04-26,7,5,5.77
2025-04-26,7,6,0.57
2025-04-26,7,7,1.7
2025-04-26,7,8,7.47
2025-04-26,7,9,1.23
2025-04-26,7,10,3.81
2025-04-26,8,1,3.2
2025-04-26,8,2,3.89
2025-04-26,8,3,2.29
2025-04-26,8,4,5.02
2025-04-26,8,5,5.43
2025-04-26,8,6,0.57
2025-04-26,8,7,1.52
2025-04-26,8,8,7.52
2025-04-26,8,9,1.2
2025-04-26,8,10,3.73
2025-04-26,9,1,3.98
2025-04-26,9,2,5.06
2025-04-26,9,3,3.12
2025-04-26,9,4,6.05
2025-04-26,9,5,7.14
2025-04-26,9,6,0.71
2025-04-26,9,7,2.07
2025-04-26,9,8,9.02
2025-04-26,9,9,1.64
2025-04-26,9,10,4.88
2025-04-26,10,1,3.9
2025-04-26,10,2,4.93
2025-04-26,10,3,3.1
2025-04-26,10,4,5.74
2025-04-26,10,5,7.23
2025-04-26,10,6,0.69
2025-04-26,10,7,2.0
2025-04-26,10,8,9.13
2025-04-26,10,9,1.43
2025-04-26,10,10,4.52
2025-04-26,11,1,3.57
2025-04-26,11,2,4.6
2025-04-26,11,3,2.77
2025-04-26,11,4,5.33
2025-04-26,11,5,6.45
2025-04-26,11,6,0.63
2025-04-26,11,7,1.83
2025-04-26,11,8,7.93
2025-04-26,11,9,1.29
2025-04-26,11,10,4.24
2025-04-26,12,1,4.88
2025-04-26,12,2,6.09
2025-04-26,12,3,3.73
2025-04-26,12,4,7.54
2025-04-26,12,5,8.21
2025-04-26,12,6,0.81
2025-04-26,12,7,2.48
2025-04-26,12,8,11.19
2025-04-26,12,9,1.77
2025-04-26,12,10,5.26
2025-04-26,13,1,5.01
2025-04-26,13,2,6.77
2025-04-26,13,3,3.86
2025-04-26,13,4,7.73
2025-04-26,13,5,8.65
2025-04-26,13,6,0.86
2025-04-26,13,7,2.55
2025-04-26,13,8,11.5
2025-04-26,13,9,1.89
2025-04-26,13,10,5.6
2025-04-26,14,1,5.24
2025-04-26,14,2,6.52
2025-04-26,14,3,4.05
2025-04-26,14,4,7.65
2025-04-26,14,5,9.04
2025-04-26,14,6,0.93
2025-04-26,14,7,2.51
2025-04-26,14,8,12.0
2025-04-26,14,9,2.01
2025-04-26,14,10,5.67
2025-04-26,15,1,3.48
2025-04-26,15,2,4.04
2025-04-26,15,3,2.61
2025-04-26,15,4,5.15
2025-04-26,15,5,5.66
2025-04-26,15,6,0.6
2025-04-26,15,7,1.7
2025-04-26,15,8,7.28
2025-04-26,15,9,1.3
2025-04-26,15,10,3.66
2025-04-25,1,1,3.83
2025-04-25,1,2,4.76
2025-04-25,1,3,3.02
2025-04-25,1,4,6.11
2025-04-25,1,5,7.21
2025-04-25,1,6,0.68
2025-04-25,1,7,2.06
2025-04-25,1,8,9.34
2025-04-25,1,9,1.53
2025-04-25,1,10,4.27
2025-04-25,2,1,3.44
2025-04-25,2,2,4.31
2025-04-25,2,3,2.69
2025-04-25,2,4,5.31
2025-04-25,2,5,6.0
2025-04-25,2,6,0.65
2025-04-25,2,7,1.76
2025-04-25,2,8,8.13
2025-04-25,2,9,1.32
2025-04-25,2,10,4.01
2025-04-25,3,1,3.8
2025-04-25,3,2,5.07
2025-04-25,3,3,2.86
2025-04-25,3,4,5.95
2025-04-25,3,5,6.82
2025-04-25,3,6,0.72
2025-04-25,3,7,1.96
2025-04-25,3,8,9.44
2025-04-25,3,9,1.51
2025-04-25,3,10,4.36
2025-04-25,4,1,4.28
2025-04-25,4,2,5.04
2025-04-25,4,3,3.16
2025-04-25,4,4,6.59
2025-04-25,4,5,7.58
2025-04-25,4,6,0.72
2025-04-25,4,7,2.08
2025-04-25,4,8,9.39
2025-04-25,4,9,1.51
2025-04-25,4,10,4.92
2025-04-25,5,1,4.15
2025-04-25,5,2,4.86
2025-04-25,5,3,2.93
2025-04-25,5,4,6.29
2025-04-25,5,5,7.12
2025-04-25,5,6,0.69
2025-04-25,5,7,2.09
2025-04-25,5,8,9.17
2025-04-25,5,9,1.51
2025-04-25,5,10,4.67
2025-04-25,6,1,3.25
2025-04-25,6,2,4.22
2025-04-25,6,3,2.46
2025-04-25,6,4,5.25
2025-04-25,6,5,6.05
2025-04-25,6,6,0.61
2025-04-25,6,7,1.66
2025-04-25,6,8,7.72
2025-04-25,6,9,1.23
2025-04-25,6,10,3.95
2025-04-25,7,1,3.42
2025-04-25,7,2,4.2
2025-04-25,7,3,2.58
2025-04-25,7,4,4.93
2025-04-25,7,5,5.94
2025-04-25,7,6,0.58
2025-04-25,7,7,1.63
2025-04-25,7,8,7.36
2025-04-25,7,9,1.26
2025-04-25,7,10,3.68
2025-04-25,8,1,3.18
2025-04-25,8,2,4.15
2025-04-25,8,3,2.46
2025-04-25,8,4,5.02
2025-04-25,8,5,5.46
2025-04-25,8,6,0.56
2025-04-25,8,7,1.67
2025-04-25,8,8,6.97
2025-04-25,8,9,1.17
2025-04-25,8,10,3.7
2025-04-25,9,1,4.18
2025-04-25,9,2,5.49
2025-04-25,9,3,3.0
2025-04-25,9,4,6.07
2025-04-25,9,5,7.67
2025-04-25,9,6,0.73
2025-04-25,9,7,2.03
2025-04-25,9,8,9.32
2025-04-25,9,9,1.51
2025-04-25,9,10,4.92
2025-04-25,10,1,3.83
2025-04-25,10,2,4.82
2025-04-25,10,3,2.86
2025-04-25,10,4,6.04
2025-04-25,10,5,7.07
2025-04-25,10,6,0.69
2025-04-25,10,7,1.98
2025-04-25,10,8,8.6
2025-04-25,10,9,1.49
2025-04-25,10,10,4.57
2025-04-25,11,1,3.43
2025-04-25,11,2,4.69
2025-04-25,11,3,2.6
2025-04-25,11,4,5.23
2025-04-25,11,5,6.29
2025-04-25,11,6,0.6
2025-04-25,11,7,1.72
2025-04-25,11,8,7.77
2025-04-25,11,9,1.34
2025-04-25,11,10,4.08
2025-04-25,12,1,4.63
2025-04-25,12,2,5.8
2025-04-25,12,3,3.58
2025-04-25,12,4,7.25
2025-04-25,12,5,8.28
2025-04-25,12,6,0.85
2025-04-25,12,7,2.29
2025-04-25,12,8,10.66
2025-04-25,12,9,1.76
2025-04-25,12,10,5.43
2025-04-25,13,1,5.35
2025-04-25,13,2,6.19
2025-04-25,13,3,3.85
2025-04-25,13,4,7.48
2025-04-25,13,5,9.53
2025-04-25,13,6,0.88
2025-04-25,13,7,2.66
2025-04-25,13,8,11.5
2025-04-25,13,9,2.03
2025-04-25,13,10,6.05
2025-04-25,14,1,5.4
2025-04-25,14,2,6.57
2025-04-25,14,3,4.07
2025-04-25,14,4,7.42
2025-04-25,14,5,8.91
2025-04-25,14,6,0.92
2025-04-25,14,7,2.49
2025-04-25,14,8,11.44
2025-04-25,14,9,1.88
2025-04-25,14,10,5.99
2025-04-25,15,1,3.56
2025-04-25,15,2,4.06
2025-04-25,15,3,2.6
2025-04-25,15,4,5.0
2025-04-25,15,5,5.95
2025-04-25,15,6,0.59
2025-04-25,15,7,1.62
2025-04-25,15,8,7.86
2025-04-25,15,9,1.22
2025-04-25,15,10,3.73
2025-04-24,1,1,4.02
2025-04-24,1,2,4.98
2025-04-24,1,3,3.13
2025-04-24,1,4,5.94
2025-04-24,1,5,7.23
2025-04-24,1,6,0.7
2025-04-24,1,7,1.93
2025-04-24,1,8,8.7
2025-04-24,1,9,1.5
2025-04-24,1,10,4.29
2025-04-24,2,1,3.72
2025-04-24,2,2,4.58
2025-04-24,2,3,2.71
2025-04-24,2,4,5.61
2025-04-24,2,5,6.05
2025-04-24,2,6,0.61
2025-04-24,2,7,1.79
2025-04-24,2,8,7.81
2025-04-24,2,9,1.31
2025-04-24,2,10,4.13
2025-04-24,3,1,3.95
2025-04-24,3,2,5.21
2025-04-24,3,3,2.95
2025-04-24,3,4,5.7
2025-04-24,3,5,6.76
2025-04-24,3,6,0.71
2025-04-24,3,7,2.07
2025-04-24,3,8,8.97
2025-04-24,3,9,1.52
2025-04-24,3,10,4.3
2025-04-24,4,1,4.14
2025-04-24,4,2,5.45
2025-04-24,4,3,3.06
2025-04-24,4,4,5.98
2025-04-24,4,5,7.3
2025-04-24,4,6,0.75
2025-04-24,4,7,2.08
2025-04-24,4,8,9.28
2025-04-24,4,9,1.61
2025-04-24,4,10,4.5
2025-04-24,5,1,3.91
2025-04-24,5,2,5.05
2025-04-24,5,3,3.09
2025-04-24,5,4,6.19
2025-04-24,5,5,6.72
2025-04-24,5,6,0.69
2025-04-24,5,7,2.01
2025-04-24,5,8,9.16
2025-04-24,5,9,1.51
2025-04-24,5,10,4.45
2025-04-24,6,1,3.51
2025-04-24,6,2,4.38
2025-04-24,6,3,2.67
2025-04-24,6,4,4.85
2025-04-24,6,5,5.85
2025-04-24,6,6,0.59
2025-04-24,6,7,1.73
2025-04-24,6,8,7.46
2025-04-24,6,9,1.27
2025-04-24,6,10,3.91
2025-04-24,7,1,3.23
2025-04-24,7,2,4.27
2025-04-24,7,3,2.64
2025-04-24,7,4,5.24
2025-04-24,7,5,6.14
2025-04-24,7,6,0.59
2025-04-24,7,7,1.66
2025-04-24,7,8,7.78
2025-04-24,7,9,1.21
2025-04-24,7,10,3.84
2025-04-24,8,1,3.04
2025-04-24,8,2,3.97
2025-04-24,8,3,2.37
2025-04-24,8,4,4.75
2025-04-24,8,5,5.56
2025-04-24,8,6,0.54
2025-04-24,8,7,1.58
2025-04-24,8,8,7.33
2025-04-24,8,9,1.2
2025-04-24,8,10,3.64
2025-04-24,9,1,4.2
2025-04-24,9,2,5.42
2025-04-24,9,3,3.28
2025-04-24,9,4,6.03
2025-04-24,9,5,7.58
2025-04-24,9,6,0.69
2025-04-24,9,7,2.09
2025-04-24,9,8,9.5
2025-04-24,9,9,1.62
2025-04-24,9,10,4.91
2025-04-24,10,1,3.89
2025-04-24,10,2,5.2
2025-04-24,10,3,3.06
2025-04-24,10,4,5.75
2025-04-24,10,5,7.08
2025-04-24,10,6,0.7
2025-04-24,10,7,1.99
2025-04-24,10,8,9.34
2025-04-24,10,9,1.52
2025-04-24,10,10,4.67
2025-04-24,11,1,3.51
2025-04-24,11,2,4.62
2025-04-24,11,3,2.61
2025-04-24,11,4,5.37
2025-04-24,11,5,6.0
2025-04-24,11,6,0.64
2025-04-24,11,7,1.82
2025-04-24,11,8,8.15
2025-04-24,11,9,1.28
2025-04-24,11,10,3.85
2025-04-24,12,1,4.8
2025-04-24,12,2,6.12
2025-04-24,12,3,3.65
2025-04-24,12,4,7.38
2025-04-24,12,5,8.17
2025-04-24,12,6,0.81
2025-04-24,12,7,2.46
2025-04-24,12,8,10.81
2025-04-24,12,9,1.75
2025-04-24,12,10,5.36
2025-04-24,13,1,5.02
2025-04-24,13,2,6.71
2025-04-24,13,3,3.83
2025-04-24,13,4,8.08
2025-04-24,13,5,8.9
2025-04-24,13,6,0.89
2025-04-24,13,7,2.71
2025-04-24,13,8,12.21
2025-04-24,13,9,1.95
2025-04-24,13,10,5.95
2025-04-24,14,1,5.41
2025-04-24,14,2,6.33
2025-04-24,14,3,3.79
2025-04-24,14,4,7.65
2025-04-24,14,5,9.38
2025-04-24,14,6,0.88
2025-04-24,14,7,2.53
2025-04-24,14,8,11.72
2025-04-24,14,9,1.84
2025-04-24,14,10,6.1
2025-04-24,15,1,3.38
2025-04-24,15,2,4.38
2025-04-24,15,3,2.46
2025-04-24,15,4,5.33
2025-04-24,15,5,6.11
2025-04-24,15,6,0.58
2025-04-24,15,7,1.64
2025-04-24,15,8,7.37
2025-04-24,15,9,1.28
2025-04-24,15,10,3.79
2025-04-23,1,1,4.18
2025-04-23,1,2,4.86
2025-04-23,1,3,2.86
2025-04-23,1,4,6.16
2025-04-23,1,5,7.26
2025-04-23,1,6,0.72
2025-04-23,1,7,2.03
2025-04-23,1,8,8.99
2025-04-23,1,9,1.46
2025-04-23,1,10,4.68
2025-04-23,2,1,3.75
2025-04-23,2,2,4.67
2025-04-23,2,3,2.63
2025-04-23,2,4,5.46
2025-04-23,2,5,6.39
2025-04-23,2,6,0.62
2025-04-23,2,7,1.73
2025-04-23,2,8,8.38
2025-04-23,2,9,1.34
2025-04-23,2,10,4.17
2025-04-23,3,1,3.89
2025-04-23,3,2,4.77
2025-04-23,3,3,2.86
2025-04-23,3,4,5.93
2025-04-23,3,5,7.18
2025-04-23,3,6,0.69
2025-04-23,3,7,2.03
2025-04-23,3,8,8.61
2025-04-23,3,9,1.55
2025-04-23,3,10,4.4
2025-04-23,4,1,4.24
2025-04-23,4,2,5.12
2025-04-23,4,3,3.24
2025-04-23,4,4,6.39
2025-04-23,4,5,7.32
2025-04-23,4,6,0.69
2025-04-23,4,7,2.11
2025-04-23,4,8,9.38
2025-04-23,4,9,1.55
2025-04-23,4,10,4.87
2025-04-23,5,1,4.05
2025-04-23,5,2,5.16
2025-04-23,5,3,3.08
2025-04-23,5,4,6.14
2025-04-23,5,5,6.89
2025-04-23,5,6,0.68
2025-04-23,5,7,1.97
2025-04-23,5,8,8.83
2025-04-23,5,9,1.51
2025-04-23,5,10,4.5
2025-04-23,6,1,3.22
2025-04-23,6,2,4.06
2025-04-23,6,3,2.59
2025-04-23,6,4,4.96
2025-04-23,6,5,6.23
2025-04-23,6,6,0.58
2025-04-23,6,7,1.61
2025-04-23,6,8,7.8
2025-04-23,6,9,1.29
2025-04-23,6,10,3.78
2025-04-23,7,1,3.24
2025-04-23,7,2,4.27
2025-04-23,7,3,2.6
2025-04-23,7,4,5.22
2025-04-23,7,5,5.92
2025-04-23,7,6,0.56
2025-04-23,7,7,1.66
2025-04-23,7,8,7.91
2025-04-23,7,9,1.28
2025-04-23,7,10,3.77
2025-04-23,8,1,3.31
2025-04-23,8,2,3.93
2025-04-23,8,3,2.51
2025-04-23,8,4,4.7
2025-04-23,8,5,5.64
2025-04-23,8,6,0.53
2025-04-23,8,7,1.66
2025-04-23,8,8,7.5
2025-04-23,8,9,1.18
2025-04-23,8,10,3.51
2025-04-23,9,1,4.31
2025-04-23,9,2,5.37
2025-04-23,9,3,3.05
2025-04-23,9,4,6.22
2025-04-23,9,5,7.55
2025-04-23,9,6,0.76
2025-04-23,9,7,2.01
2025-04-23,9,8,9.63
2025-04-23,9,9,1.54
2025-04-23,9,10,4.74
2025-04-23,10,1,3.85
2025-04-23,10,2,4.95
2025-04-23,10,3,3.07
2025-04-23,10,4,5.73
2025-04-23,10,5,7.09
2025-04-23,10,6,0.68
2025-04-23,10,7,2.01
2025-04-23,10,8,9.29
2025-04-23,10,9,1.51
2025-04-23,10,10,4.51
2025-04-23,11,1,3.57
2025-04-23,11,2,4.44
2025-04-23,11,3,2.72
2025-04-23,11,4,5.33
2025-04-23,11,5,6.14
2025-04-23,11,6,0.65
2025-04-23,11,7,1.85
2025-04-23,11,8,8.06
2025-04-23,11,9,1.34
2025-04-23,11,10,3.96
2025-04-23,12,1,4.7
2025-04-23,12,2,5.75
2025-04-23,12,3,3.75
2025-04-23,12,4,7.24
2025-04-23,12,5,8.71
2025-04-23,12,6,0.85
2025-04-23,12,7,2.29
2025-04-23,12,8,11.09
2025-04-23,12,9,1.73
2025-04-23,12,10,5.33
2025-04-23,13,1,5.2
2025-04-23,13,2,6.45
2025-04-23,13,3,3.71
2025-04-23,13,4,8.1
2025-04-23,13,5,9.15
2025-04-23,13,6,0.9
2025-04-23,13,7,2.52
2025-04-23,13,8,11.4
2025-04-23,13,9,1.89
2025-04-23,13,10,6.01
2025-04-23,14,1,5.07
2025-04-23,14,2,6.26
2025-04-23,14,3,3.85
2025-04-23,14,4,7.46
2025-04-23,14,5,9.3
2025-04-23,14,6,0.88
2025-04-23,14,7,2.49
2025-04-23,14,8,11.65
2025-04-23,14,9,1.96
2025-04-23,14,10,5.94
2025-04-23,15,1,3.54
2025-04-23,15,2,4.26
2025-04-23,15,3,2.62
2025-04-23,15,4,5.12
2025-04-23,15,5,5.76
2025-04-23,15,6,0.56
2025-04-23,15,7,1.62
2025-04-23,15,8,7.9
2025-04-23,15,9,1.31
2025-04-23,15,10,3.63
2025-04-22,1,1,3.8
2025-04-22,1,2,5.23
2025-04-22,1,3,2.96
2025-04-22,1,4,6.16
2025-04-22,1,5,6.96
2025-04-22,1,6,0.72
2025-04-22,1,7,2.03
2025-04-22,1,8,9.28
2025-04-22,1,9,1.42
2025-04-22,1,10,4.63
2025-04-22,2,1,3.43
2025-04-22,2,2,4.54
2025-04-22,2,3,2.79
2025-04-22,2,4,5.5
2025-04-22,2,5,6.22
2025-04-22,2,6,0.63
2025-04-22,2,7,1.79
2025-04-22,2,8,8.34
2025-04-22,2,9,1.33
2025-04-22,2,10,4.2
2025-04-22,3,1,3.96
2025-04-22,3,2,5.11
2025-04-22,3,3,3.13
2025-04-22,3,4,6.0
2025-04-22,3,5,6.8
2025-04-22,3,6,0.71
2025-04-22,3,7,1.94
2025-04-22,3,8,9.27
2025-04-22,3,9,1.54
2025-04-22,3,10,4.3
2025-04-22,4,1,4.28
2025-04-22,4,2,5.01
2025-04-22,4,3,3.19
2025-04-22,4,4,6.11
2025-04-22,4,5,7.55
2025-04-22,4,6,0.72
2025-04-22,4,7,2.03
2025-04-22,4,8,9.44
2025-04-22,4,9,1.54
2025-04-22,4,10,4.54
2025-04-22,5,1,3.98
2025-04-22,5,2,4.96
2025-04-22,5,3,2.88
2025-04-22,5,4,6.21
2025-04-22,5,5,6.92
2025-04-22,5,6,0.69
2025-04-22,5,7,1.96
2025-04-22,5,8,9.02
2025-04-22,5,9,1.5
2025-04-22,5,10,4.61
2025-04-22,6,1,3.39
2025-04-22,6,2,4.45
2025-04-22,6,3,2.6
2025-04-22,6,4,5.32
2025-04-22,6,5,6.08
2025-04-22,6,6,0.59
2025-04-22,6,7,1.71
2025-04-22,6,8,7.61
2025-04-22,6,9,1.2
2025-04-22,6,10,3.78
2025-04-22,7,1,3.46
2025-04-22,7,2,4.39
2025-04-22,7,3,2.63
2025-04-22,7,4,5.08
2025-04-22,7,5,5.69
2025-04-22,7,6,0.57
2025-04-22,7,7,1.63
2025-04-22,7,8,7.92
2025-04-22,7,9,1.31
2025-04-22,7,10,3.64
2025-04-22,8,1,3.08
2025-04-22,8,2,4.1
2025-04-22,8,3,2.36
2025-04-22,8,4,4.79
2025-04-22,8,5,5.57
2025-04-22,8,6,0.56
2025-04-22,8,7,1.58
2025-04-22,8,8,6.97
2025-04-22,8,9,1.17
2025-04-22,8,10,3.51
2025-04-22,9,1,4.09
2025-04-22,9,2,5.08
2025-04-22,9,3,3.06
2025-04-22,9,4,6.09
2025-04-22,9,5,7.23
2025-04-22,9,6,0.7
2025-04-22,9,7,2.18
2025-04-22,9,8,8.98
2025-04-22,9,9,1.59
2025-04-22,9,10,4.64
2025-04-22,10,1,3.91
2025-04-22,10,2,5.14
2025-04-22,10,3,3.13
2025-04-22,10,4,5.9
2025-04-22,10,5,7.15
2025-04-22,10,6,0.72
2025-04-22,10,7,2.05
2025-04-22,10,8,8.68
2025-04-22,10,9,1.51
2025-04-22,10,10,4.65
2025-04-22,11,1,3.65
2025-04-22,11,2,4.5
2025-04-22,11,3,2.71
2025-04-22,11,4,5.4
2025-04-22,11,5,6.3
2025-04-22,11,6,0.64
2025-04-22,11,7,1.86
2025-04-22,11,8,8.02
2025-04-22,11,9,1.34
2025-04-22,11,10,4.16
2025-04-22,12,1,4.72
2025-04-22,12,2,6.03
2025-04-22,12,3,3.63
2025-04-22,12,4,7.15
2025-04-22,12,5,8.39
2025-04-22,12,6,0.85
2025-04-22,12,7,2.41
2025-04-22,12,8,10.57
2025-04-22,12,9,1.7
2025-04-22,12,10,5.23
2025-04-22,13,1,5.22
2025-04-22,13,2,6.23
2025-04-22,13,3,3.83
2025-04-22,13,4,8.11
2025-04-22,13,5,8.85
2025-04-22,13,6,0.87
2025-04-22,13,7,2.52
2025-04-22,13,8,11.93
2025-04-22,13,9,1.88
2025-04-22,13,10,5.92
2025-04-22,14,1,5.18
2025-04-22,14,2,6.65
2025-04-22,14,3,3.99
2025-04-22,14,4,7.43
2025-04-22,14,5,9.39
2025-04-22,14,6,0.88
2025-04-22,14,7,2.53
2025-04-22,14,8,11.5
2025-04-22,14,9,1.88
2025-04-22,14,10,5.65
2025-04-22,15,1,3.37
2025-04-22,15,2,4.15
2025-04-22,15,3,2.56
2025-04-22,15,4,5.0
2025-04-22,15,5,6.11
2025-04-22,15,6,0.61
2025-04-22,15,7,1.67
2025-04-22,15,8,7.26
2025-04-22,15,9,1.28
2025-04-22,15,10,3.93
2025-04-21,1,1,3.97
2025-04-21,1,2,4.97
2025-04-21,1,3,3.1
2025-04-21,1,4,5.72
2025-04-21,1,5,6.83
2025-04-21,1,6,0.69
2025-04-21,1,7,2.03
2025-04-21,1,8,9.2
2025-04-21,1,9,1.45
2025-04-21,1,10,4.41
2025-04-21,2,1,3.53
2025-04-21,2,2,4.62
2025-04-21,2,3,2.57
2025-04-21,2,4,5.49
2025-04-21,2,5,6.5
2025-04-21,2,6,0.6
2025-04-21,2,7,1.83
2025-04-21,2,8,7.77
2025-04-21,2,9,1.39
2025-04-21,2,10,3.88
2025-04-21,3,1,4.12
2025-04-21,3,2,5.23
2025-04-21,3,3,2.85
2025-04-21,3,4,6.04
2025-04-21,3,5,7.26
2025-04-21,3,6,0.71
2025-04-21,3,7,2.0
2025-04-21,3,8,9.11
2025-04-21,3,9,1.48
2025-04-21,3,10,4.33
2025-04-21,4,1,4.19
2025-04-21,4,2,5.07
2025-04-21,4,3,3.29
2025-04-21,4,4,6.08
2025-04-21,4,5,7.55
2025-04-21,4,6,0.72
2025-04-21,4,7,2.01
2025-04-21,4,8,9.2
2025-04-21,4,9,1.53
2025-04-21,4,10,4.6
2025-04-21,5,1,4.06
2025-04-21,5,2,4.84
2025-04-21,5,3,2.96
2025-04-21,5,4,5.93
2025-04-21,5,5,7.06
2025-04-21,5,6,0.67
2025-04-21,5,7,1.97
2025-04-21,5,8,9.4
2025-04-21,5,9,1.42
2025-04-21,5,10,4.52
2025-04-21,6,1,3.51
2025-04-21,6,2,4.08
2025-04-21,6,3,2.66
2025-04-21,6,4,5.29
2025-04-21,6,5,5.83
2025-04-21,6,6,0.61
2025-04-21,6,7,1.7
2025-04-21,6,8,7.48
2025-04-21,6,9,1.25
2025-04-21,6,10,3.75
2025-04-21,7,1,3.42
2025-04-21,7,2,4.25
2025-04-21,7,3,2.51
2025-04-21,7,4,4.86
2025-04-21,7,5,5.76
2025-04-21,7,6,0.59
2025-04-21,7,7,1.65
2025-04-21,7,8,7.88
2025-04-21,7,9,1.26
2025-04-21,7,10,3.85
2025-04-21,8,1,3.23
2025-04-21,8,2,3.98
2025-04-21,8,3,2.31
2025-04-21,8,4,4.99
2025-04-21,8,5,5.62
2025-04-21,8,6,0.56
2025-04-21,8,7,1.54
2025-04-21,8,8,7.08
2025-04-21,8,9,1.24
2025-04-21,8,10,3.72
2025-04-21,9,1,4.22
2025-04-21,9,2,5.49
2025-04-21,9,3,3.13
2025-04-21,9,4,6.47
2025-04-21,9,5,7.39
2025-04-21,9,6,0.73
2025-04-21,9,7,2.06
2025-04-21,9,8,8.99
2025-04-21,9,9,1.58
2025-04-21,9,10,4.7
2025-04-21,10,1,4.06
2025-04-21,10,2,5.07
2025-04-21,10,3,2.99
2025-04-21,10,4,5.97
2025-04-21,10,5,6.87
2025-04-21,10,6,0.7
2025-04-21,10,7,2.0
2025-04-21,10,8,8.92
2025-04-21,10,9,1.45
2025-04-21,10,10,4.45
2025-04-21,11,1,3.47
2025-04-21,11,2,4.63
2025-04-21,11,3,2.69
2025-04-21,11,4,5.55
2025-04-21,11,5,6.54
2025-04-21,11,6,0.64
2025-04-21,11,7,1.79
2025-04-21,11,8,8.01
2025-04-21,11,9,1.37
2025-04-21,11,10,4.19
2025-04-21,12,1,4.75
2025-04-21,12,2,6.04
2025-04-21,12,3,3.43
2025-04-21,12,4,6.93
2025-04-21,12,5,8.71
2025-04-21,12,6,0.79
2025-04-21,12,7,2.37
2025-04-21,12,8,11.13
2025-04-21,12,9,1.85
2025-04-21,12,10,5.62
2025-04-21,13,1,5.24
2025-04-21,13,2,6.26
2025-04-21,13,3,4.05
2025-04-21,13,4,7.79
2025-04-21,13,5,8.72
2025-04-21,13,6,0.88
2025-04-21,13,7,2.67
2025-04-21,13,8,11.97
2025-04-21,13,9,1.93
2025-04-21,13,10,5.72
2025-04-21,14,1,5.42
2025-04-21,14,2,6.46
2025-04-21,14,3,3.97
2025-04-21,14,4,8.09
2025-04-21,14,5,8.91
2025-04-21,14,6,0.94
2025-04-21,14,7,2.61
2025-04-21,14,8,12.15
2025-04-21,14,9,1.98
2025-04-21,14,10,6.0
2025-04-21,15,1,3.5
2025-04-21,15,2,4.21
2025-04-21,15,3,2.43
2025-04-21,15,4,5.28
2025-04-21,15,5,6.19
2025-04-21,15,6,0.61
2025-04-21,15,7,1.62
2025-04-21,15,8,7.92
2025-04-21,15,9,1.31
2025-04-21,15,10,3.7
2025-04-20,1,1,3.88
2025-04-20,1,2,4.83
2025-04-20,1,3,3.12
2025-04-20,1,4,5.87
2025-04-20,1,5,6.65
2025-04-20,1,6,0.68
2025-04-20,1,7,1.95
2025-04-20,1,8,9.23
2025-04-20,1,9,1.52
2025-04-20,1,10,4.38
2025-04-20,2,1,3.45
2025-04-20,2,2,4.69
2025-04-20,2,3,2.58
2025-04-20,2,4,5.17
2025-04-20,2,5,6.56
2025-04-20,2,6,0.64
2025-04-20,2,7,1.83
2025-04-20,2,8,8.15
2025-04-20,2,9,1.34
2025-04-20,2,10,3.86
2025-04-20,3,1,3.92
2025-04-20,3,2,5.2
2025-04-20,3,3,2.87
2025-04-20,3,4,6.04
2025-04-20,3,5,6.64
2025-04-20,3,6,0.69
2025-04-20,3,7,2.04
2025-04-20,3,8,8.82
2025-04-20,3,9,1.56
2025-04-20,3,10,4.29
2025-04-20,4,1,4.19
2025-04-20,4,2,5.27
2025-04-20,4,3,3.21
2025-04-20,4,4,6.27
2025-04-20,4,5,7.24
2025-04-20,4,6,0.71
2025-04-20,4,7,2.18
2025-04-20,4,8,9.73
2025-04-20,4,9,1.53
2025-04-20,4,10,4.93
2025-04-20,5,1,4.18
2025-04-20,5,2,4.88
2025-04-20,5,3,3.0
2025-04-20,5,4,6.05
2025-04-20,5,5,7.01
2025-04-20,5,6,0.66
2025-04-20,5,7,2.02
2025-04-20,5,8,8.67
2025-04-20,5,9,1.47
2025-04-20,5,10,4.52
2025-04-20,6,1,3.43
2025-04-20,6,2,4.25
2025-04-20,6,3,2.52
2025-04-20,6,4,5.33
2025-04-20,6,5,5.75
2025-04-20,6,6,0.57
2025-04-20,6,7,1.75
2025-04-20,6,8,7.34
2025-04-20,6,9,1.3
2025-04-20,6,10,3.96
2025-04-20,7,1,3.56
2025-04-20,7,2,4.26
2025-04-20,7,3,2.56
2025-04-20,7,4,4.88
2025-04-20,7,5,5.87
2025-04-20,7,6,0.58
2025-04-20,7,7,1.76
2025-04-20,7,8,7.37
2025-04-20,7,9,1.29
2025-04-20,7,10,3.66
2025-04-20,8,1,3.04
2025-04-20,8,2,4.04
2025-04-20,8,3,2.31
2025-04-20,8,4,5.02
2025-04-20,8,5,5.84
2025-04-20,8,6,0.54
2025-04-20,8,7,1.62
2025-04-20,8,8,7.47
2025-04-20,8,9,1.16
2025-04-20,8,10,3.44
2025-04-20,9,1,4.39
2025-04-20,9,2,5.38
2025-04-20,9,3,3.11
2025-04-20,9,4,6.02
2025-04-20,9,5,7.04
2025-04-20,9,6,0.75
2025-04-20,9,7,2.08
2025-04-20,9,8,9.87
2025-04-20,9,9,1.53
2025-04-20,9,10,4.48
2025-04-20,10,1,3.82
2025-04-20,10,2,4.98
2025-04-20,10,3,2.91
2025-04-20,10,4,5.84
2025-04-20,10,5,7.09
2025-04-20,10,6,0.67
2025-04-20,10,7,1.93
2025-04-20,10,8,8.55
2025-04-20,10,9,1.5
2025-04-20,10,10,4.61
2025-04-20,11,1,3.45
2025-04-20,11,2,4.69
2025-04-20,11,3,2.57
2025-04-20,11,4,5.14
2025-04-20,11,5,6.04
2025-04-20,11,6,0.6
2025-04-20,11,7,1.79
2025-04-20,11,8,7.87
2025-04-20,11,9,1.39
2025-04-20,11,10,4.13
2025-04-20,12,1,4.93
2025-04-20,12,2,6.25
2025-04-20,12,3,3.44
2025-04-20,12,4,7.54
2025-04-20,12,5,8.64
2025-04-20,12,6,0.81
2025-04-20,12,7,2.3
2025-04-20,12,8,11.18
2025-04-20,12,9,1.71
2025-04-20,12,10,5.26
2025-04-20,13,1,5.39
2025-04-20,13,2,6.31
2025-04-20,13,3,3.98
2025-04-20,13,4,8.13
2025-04-20,13,5,9.17
2025-04-20,13,6,0.9
2025-04-20,13,7,2.62
2025-04-20,13,8,11.8
2025-04-20,13,9,1.93
2025-04-20,13,10,5.96
2025-04-20,14,1,5.42
2025-04-20,14,2,6.79
2025-04-20,14,3,4.07
2025-04-20,14,4,7.8
2025-04-20,14,5,9.35
2025-04-20,14,6,0.92
2025-04-20,14,7,2.58
2025-04-20,14,8,11.14
2025-04-20,14,9,1.96
2025-04-20,14,10,5.55
2025-04-20,15,1,3.46
2025-04-20,15,2,4.39
2025-04-20,15,3,2.46
2025-04-20,15,4,5.01
2025-04-20,15,5,5.69
2025-04-20,15,6,0.61
2025-04-20,15,7,1.73
2025-04-20,15,8,7.87
2025-04-20,15,9,1.25
2025-04-20,15,10,3.82
